fetched_at,source,title,url,published
2026-07-16T05:33:58.821023+00:00,FacultyTick - Research category,Netaji Subhas University of Technology Advertisement for the post of Junior Research Fellow under the Sponsored ANRF Project Job position 2026,https://facultytick.com/2026/07/16/netaji-subhas-university-of-technology-advertisement-for-the-post-of-junior-research-fellow-under-the-sponsored-anrf-project-job-position-2026/,"Wed, 15 Jul 2026 18:38:09 +0000"
2026-07-16T05:33:58.821023+00:00,FacultyTick - Research category,University of Mumbai Applications are invited for the two posts of Research Assistants for the project Job Vacancy 2026,https://facultytick.com/2026/07/16/university-of-mumbai-applications-are-invited-for-the-two-posts-of-research-assistants-for-the-project-job-vacancy-2026/,"Wed, 15 Jul 2026 18:38:08 +0000"
2026-07-16T05:33:58.821023+00:00,FacultyTick - Research category,National Institute of Technology Warangal Advertisement for Junior Research Fellow (JRF) recruitment under a research project Job Position 2026,https://facultytick.com/2026/07/16/national-institute-of-technology-warangal-advertisement-for-junior-research-fellow-jrf-recruitment-under-a-research-project-job-position-2026/,"Wed, 15 Jul 2026 18:38:07 +0000"
2026-07-16T05:33:58.821023+00:00,FacultyTick - Research category,Applications Invited for Post-Doctoral Research Fellowship at Indian Institute of Technology Hyderabad Job Vacancy 2026,https://facultytick.com/2026/07/16/applications-invited-for-post-doctoral-research-fellowship-at-indian-institute-of-technology-hyderabad-job-vacancy-2026/,"Wed, 15 Jul 2026 18:31:43 +0000"
2026-07-16T05:33:58.821023+00:00,FacultyTick - Research category,Applications Invited for Junior Research Fellowship at Indian Institute of Technology Hyderabad Job Vacancy 2026,https://facultytick.com/2026/07/16/applications-invited-for-junior-research-fellowship-at-indian-institute-of-technology-hyderabad-job-vacancy-2026/,"Wed, 15 Jul 2026 18:31:42 +0000"
2026-07-16T05:33:58.821023+00:00,FacultyTick - Research category,"Sardar Vallabhbhai National Institute of Technology, Surat Advertisement for the Post of Junior Research Fellow (JRF) Job Opportunity 2026",https://facultytick.com/2026/07/14/sardar-vallabhbhai-national-institute-of-technology-surat-advertisement-for-the-post-of-junior-research-fellow-jrf-job-opportunity-2026/,"Mon, 13 Jul 2026 19:29:59 +0000"
2026-07-16T05:33:58.821023+00:00,FacultyTick - Research category,Dr B R Ambedkar National Institute of Technology Applications are invited from eligible candidates for one temporary post of Junior Research Fellow (JRF) Job Vacancies 2026,https://facultytick.com/2026/07/14/dr-b-r-ambedkar-national-institute-of-technology-applications-are-invited-from-eligible-candidates-for-one-temporary-post-of-junior-research-fellow-jrf-job-vacancies-2026/,"Mon, 13 Jul 2026 19:29:59 +0000"
2026-07-16T05:33:58.821023+00:00,FacultyTick - Research category,"Dr B R Ambedkar National Institute of Technology, Jalandhar Advertisement for the post of Junior Research Fellow (JRF) Job Opportunity 2026",https://facultytick.com/2026/07/14/dr-b-r-ambedkar-national-institute-of-technology-jalandhar-advertisement-for-the-post-of-junior-research-fellow-jrf-job-opportunity-2026/,"Mon, 13 Jul 2026 19:29:58 +0000"
2026-07-16T05:33:58.821023+00:00,FacultyTick - Research category,"Dr. B. R. Ambedkar National Institute of Technology, Jalandhar Advertisement for the position of Junior Research Fellow (JRF) Job Positions 2026",https://facultytick.com/2026/07/14/dr-b-r-ambedkar-national-institute-of-technology-jalandhar-advertisement-for-the-position-of-junior-research-fellow-jrf-job-positions-2026/,"Mon, 13 Jul 2026 19:29:58 +0000"
2026-07-16T05:33:58.821023+00:00,FacultyTick - Research category,"Dr. B. R. Ambedkar National Institute of Technology, Jalandhar Advertisement for the Post of Junior Research Fellow (JRF) in ANRF-Funded Research Project 2026",https://facultytick.com/2026/07/14/dr-b-r-ambedkar-national-institute-of-technology-jalandhar-advertisement-for-the-post-of-junior-research-fellow-jrf-in-anrf-funded-research-project-2026/,"Mon, 13 Jul 2026 19:29:58 +0000"
2026-07-16T05:33:58.821023+00:00,FacultyTick - Research category,Motilal Nehru National Institute of Technology (MNNIT) Advertisement for the Post of one Junior Research Fellow (JRF) On contract Basic Job Vacancy 2026,https://facultytick.com/2026/07/14/motilal-nehru-national-institute-of-technology-mnnit-advertisement-for-the-post-of-one-junior-research-fellow-jrf-on-contract-basic-job-vacancy-2026/,"Mon, 13 Jul 2026 19:29:57 +0000"
2026-07-16T05:33:58.821023+00:00,FacultyTick - Research category,"National Institute of Technology, Tiruchirappalli Applications are invited from motivated and eligible candidates for the position of Junior Research Fellow (JRF)/ Project Associate-I Job Vacancies 2026",https://facultytick.com/2026/07/14/national-institute-of-technology-tiruchirappalli-applications-are-invited-from-motivated-and-eligible-candidates-for-the-position-of-junior-research-fellow-jrf-project-associate-i-job-vacancies-20/,"Mon, 13 Jul 2026 19:29:56 +0000"
2026-07-16T05:33:58.821023+00:00,FacultyTick - Research category,"National Institute of Technology, Tiruchirappalli Applications are invited from Indian Nationals for Junior Research Fellow (JRF) Job Vacancy 2026",https://facultytick.com/2026/07/14/national-institute-of-technology-tiruchirappalli-applications-are-invited-from-indian-nationals-for-junior-research-fellow-jrf-job-vacancy-2026/,"Mon, 13 Jul 2026 19:29:55 +0000"
2026-07-16T05:33:58.821023+00:00,FacultyTick - Research category,"National Institute of Technology, Tiruchirappalli Applications are invited from Indian Nationals for Junior Research Fellow (JRF) / Project Associate (PA)-I Job Openings 2026",https://facultytick.com/2026/07/14/national-institute-of-technology-tiruchirappalli-applications-are-invited-from-indian-nationals-for-junior-research-fellow-jrf-project-associate-pa-i-job-openings-2026/,"Mon, 13 Jul 2026 19:29:55 +0000"
2026-07-16T05:33:58.821023+00:00,FacultyTick - Research category,"National Institute of Technology, Tiruchirappalli Applications are invited from motivated and eligible candidates for the position of Junior Research Fellow (JRF)/Project Associate-I Job Opportunities 2026",https://facultytick.com/2026/07/14/national-institute-of-technology-tiruchirappalli-applications-are-invited-from-motivated-and-eligible-candidates-for-the-position-of-junior-research-fellow-jrf-project-associate-i-job-opportunities/,"Mon, 13 Jul 2026 19:29:55 +0000"
2026-07-16T05:33:58.821023+00:00,FacultyTick - Research category,National Institute of Technology Kurukshetra Faculty Recruitment of Project Associate/Junior Research Fellow (JRF) for the research project funded by ANRF Job Vacancies 2026,https://facultytick.com/2026/07/14/national-institute-of-technology-kurukshetra-faculty-recruitment-of-project-associate-junior-research-fellow-jrf-for-the-research-project-funded-by-anrf-job-vacancies-2026/,"Mon, 13 Jul 2026 19:29:53 +0000"
2026-07-16T05:33:58.821023+00:00,FacultyTick - Research category,Apply Now: Junior Research Fellow at MANIT Bhopal – Boost Your Career,https://facultytick.com/2026/07/13/apply-now-junior-research-fellow-at-manit-bhopal-boost-your-career/,"Sun, 12 Jul 2026 18:41:56 +0000"
2026-07-16T05:33:58.821023+00:00,FacultyTick - Research category,"National Institute of Technology, Agartala Recruitment of Project Assistant/Junior Research Fellow (JRF)/ Senior Research Fellow (SRF)/Research Associate (RA) Job Opportunities 2026",https://facultytick.com/2026/07/13/national-institute-of-technology-agartala-recruitment-of-project-assistant-junior-research-fellow-jrf-senior-research-fellow-srf-research-associate-ra-job-opportunities-2026/,"Sun, 12 Jul 2026 18:41:02 +0000"
2026-07-16T05:33:58.821023+00:00,FacultyTick - Research category,NATIONAL INSTITUTE OF TECHNOLOGY PUDUCHERRY ADVERTISEMENT FOR THE RECRUITMENT OF SRF / JRF UNDER ANRF – SERB – CRG RESEARCH PROJECT JOB VACANCY 2026,https://facultytick.com/2026/07/13/national-institute-of-technology-puducherry-advertisement-for-the-recruitment-of-srf-jrf-under-anrf-serb-crg-research-project-job-vacancy-2026/,"Sun, 12 Jul 2026 18:40:13 +0000"
2026-07-16T05:33:58.821023+00:00,FacultyTick - Research category,Sardar Vallabhbhai National Institute of Technology Advertisement for the Junior Research Fellow (JRF) position in the Defence Research and Development Organization (DRDO) Job Vacancy 2026,https://facultytick.com/2026/07/13/sardar-vallabhbhai-national-institute-of-technology-advertisement-for-the-junior-research-fellow-jrf-position-in-the-defence-research-and-development-organization-drdo-job-vacancy-2026/,"Sun, 12 Jul 2026 18:37:38 +0000"
2026-07-16T05:33:58.821023+00:00,IIT Indore - JRF/SRF Positions,JRF SRF Positions,https://www.iiti.ac.in/recruitments/jrf-srf-positions,
2026-07-16T05:33:58.821023+00:00,IIT Indore - JRF/SRF Positions,Research Associate (RA) position,https://www.iiti.ac.in/recruitments/research-associate-ra-position,
2026-07-16T05:33:58.821023+00:00,IIT Hyderabad - Careers,Postdoc/JRF/SRF positions,#postdoc,
2026-07-16T05:33:58.821023+00:00,IIT Hyderabad - Careers,"Advertisement for Post-Doctoral Research Fellow under SUT QUAD project, IIT Hyderabad",https://iith.ac.in/assets/files/careers/staff/Applications_Invited_for_Post-Doc_S410.pdf,
2026-07-16T05:33:58.821023+00:00,IIT Hyderabad - Careers,"Advertisement for the post of JRF under SUT QUAD project (Conver?ble to PhD), IIT Hyderabad",https://iith.ac.in/assets/files/careers/staff/Applications_Invited_for_JRF_S410.pdf,
2026-07-16T05:33:58.821023+00:00,IIT Hyderabad - Careers,"Advertisement for the post of Research Associate-II under an ANRF project, Department of Chemistry, IIT Hyderabad",https://iith.ac.in/assets/files/careers/staff/ANRF_RA-II_Chemistry-2026.pdf,
2026-07-16T05:33:58.821023+00:00,IIT Hyderabad - Careers,"Advertisement for the post of JRF in Digital Video Technologies and Women Filmmakers: An Exploration of the Emergent Narratives in Indie cinema, IIT Hyderabad",https://iith.ac.in/assets/files/careers/staff/DigitalVideo_WomenFilmmakers_IndieCinema.pdf,
2026-07-16T05:33:58.821023+00:00,IIT Hyderabad - Careers,"Advertisement for the post of JRF in Hydraulic and Water Resources Engineering, Department of Civil Engineering, IIT Hyderabad (Project title: Fate and transport of nanoatrazine in soil and its implication on soil-plant interaction)",https://iith.ac.in/assets/files/careers/staff/advertisement-jrf-hydraulic-water.pdf,
2026-07-16T05:33:58.821023+00:00,IIT Hyderabad - Careers,"Advertisement for the posts of 1 Post-Doctoral Fellow in the project Developing solutions to reduce human heat strain and extending safe exposure in extreme heat, IIT Hyderabad.",https://iith.ac.in/assets/files/careers/staff/post-doctoral-fellow-human-heat.pdf,
2026-07-16T05:33:58.821023+00:00,IIT Hyderabad - Careers,"Advertisement for the posts of 1 JRF in Environmental Engineering under an ANRF-Sponsored project, Department of Civil Engineering, IIT Hyderabad.",https://iith.ac.in/assets/files/careers/staff/jrf-advertisement-environmental-engineering.pdf,
2026-07-16T05:33:58.821023+00:00,IIT Hyderabad - Careers,"Applications are invited for the post of Junior Research Fellow (JRF) or Senior Research Fellow(SRF) at IIT Hyderabad (IITH) in a Defence Research and Development Organisation (DRDO),Government of India, sponsored project.",https://iith.ac.in/assets/files/careers/staff/JRF_SRF_Advertisement_IITH_DRDO.pdf,
2026-07-16T05:33:58.821023+00:00,IIT Hyderabad - Careers,"Applications are invited for the post of Research Associate (RA) at IIT Hyderabad (IITH) in a Defence Research and Development Organisation (DRDO), Government of India, sponsored project.",https://iith.ac.in/assets/files/careers/staff/RA_Advertisement_IITH_DRDO.pdf,
2026-07-16T05:33:58.821023+00:00,IIT Hyderabad - Careers,"Applications Invited for Postdoctoral Research Fellow (Topic: Gasification of High Ash Coal in Building Fluidized Bed Gasifier), IIT Hyderabad",https://iith.ac.in/assets/files/careers/staff/PostDoc_Research_Fellowship_Gasification_High_Ash_Coal.pdf,
2026-07-16T05:33:58.821023+00:00,IIT Hyderabad - Careers,"Advertisement for Postdoctoral Fellow on 'Modeling membrane-based water filtration systems', Department of Civil Engineering, IIT Hyderabad",https://iith.ac.in/assets/files/careers/staff/Postdoc_MembraneFiltration_IITH_2026.pdf,
2026-07-16T05:33:58.821023+00:00,IIT Hyderabad - Careers,"Advertisement for the posts of 1 Post-Doctoral Fellow in an ANRF-Sponsered project (Rolling Advertisement), Department of Mechanical and Aerospace Engineering, IIT Hyderabad",https://iith.ac.in/assets/files/careers/staff/research_associate_1_advertisement_mae_april_2026.pdf,
2026-07-16T05:33:58.821023+00:00,IIT Hyderabad - Careers,"Applications are invited for the position of Research Associate, under Department of Mechanical and Aerospace Engineering, IIT Hyderabad",https://iith.ac.in/assets/files/careers/staff/ra_recruitment_aerodynamic_droplets.pdf,
2026-07-16T05:33:58.821023+00:00,IIT Hyderabad - Careers,"Applications are invited for Post-doctoral research fellow under CoE CLEANZ (Coal Beneficiation), at IIT Hyderabad",https://iith.ac.in/assets/files/careers/staff/applications_invited_post_doc_g795b_feb_2026.pdf,
2026-07-16T05:33:58.821023+00:00,IIT Hyderabad - Careers,"Applications are invited for Post-doctoral research fellow under CoE CLEANZ (CFD domain), at IIT Hyderabad",https://iith.ac.in/assets/files/careers/staff/applications_invited_post_doc_g795i_feb_2026.pdf,
2026-07-16T05:33:58.821023+00:00,IIT Hyderabad - Careers,"Advertisement for Junior Research Fellow, Department of Civil Engineering, IIT Hyderabad",https://iith.ac.in/assets/files/careers/staff/jrf_advertisement_ce_06_2026_iith.pdf,
2026-07-16T05:33:58.821023+00:00,IIT Hyderabad - Careers,Advertisement for Research Associate (Postdoctoral Fellow) in the field of lasers and photonics at IIT Hyderabad,https://drive.google.com/file/d/1TUipPiSLNWcOfGPnvMuopmW8rOmiQxMt/view,
2026-07-16T05:33:58.821023+00:00,IIT Hyderabad - Careers,Advertisement for Junior Research Fellow in the field of lasers and photonics at IIT Hyderabad,https://drive.google.com/file/d/1VuC3wkRDMESnrBh74t2iX8xLUqqNwtYU/view,
2026-07-16T05:33:58.821023+00:00,IIT Hyderabad - Careers,Advertisement for Project Assistant in the field of lasers and photonics at IIT Hyderabad,https://drive.google.com/file/d/1bNAZsKfpySuVh1ui2gkFzbwBi5NuVgJN/view,
2026-07-16T05:33:58.821023+00:00,IIT Hyderabad - Careers,"Advertisement for Junior Research Fellow, Department of Mechanical and Aerospace Engineering, IIT Hyderabad",https://iith.ac.in/assets/files/careers/staff/JRF-Recruitment-Advertisement-Sep-2025-iith-mae.pdf,
2026-07-16T05:33:58.821023+00:00,IIT Hyderabad - Careers,"Advertisement for the Post of Research Associate-I, Department of Physics, IIT Hyderabad",https://iith.ac.in/assets/files/careers/staff/advertisement-RA-physics-09-2025.pdf,
2026-07-16T05:33:58.821023+00:00,IIT Hyderabad - Careers,"Advertisement for Junior Research Fellow, Department of Physics, IIT Hyderabad",https://iith.ac.in/assets/files/careers/staff/advertisement-JRF-MP-09-2025.pdf,
2026-07-16T05:33:58.821023+00:00,IIT Hyderabad - Careers,"Applications Invited for Junior Research Fellow in the Department of Electrical Engineering, IIT Hyderabad",https://iith.ac.in/assets/files/careers/staff/JRF_EE_Advertisement_dated_22_07_2025.pdf,
2026-07-16T05:33:58.821023+00:00,IIT Hyderabad - Careers,"Advertisement for Research Associate-I, Department of Electrical Engineering, IIT Hyderabad",https://iith.ac.in/assets/files/careers/staff/Advertisement-ee-iith-04-2025.pdf,
2026-07-16T05:33:58.821023+00:00,IIT Hyderabad - Careers,"Advertisement for JRF in Design and Fabrication of Lightweight Meta Material Structures for Flapping Wing Systems, Department of Mechanical and Aerospace Engineering, IIT Hyderabad",https://iith.ac.in/assets/files/careers/staff/JRF_Recruitment_Advertisement_mae_2025_DYSL-SM.pdf,
2026-07-16T05:33:58.821023+00:00,IIT Hyderabad - Careers,Advertisement for the post of JRF and SRF,https://iith.ac.in/assets/files/careers/staff/advertisement_winet_nov_2024_iith.pdf,
2026-07-16T05:33:58.821023+00:00,IIT Hyderabad - Careers,Applications are invited for the JRF (Visual Perception of Indic Architectural Elements) position in the Department of Heritage Science and Technology,https://iith.ac.in/assets/files/careers/staff/JRF_G447-ad.pdf,
2026-07-16T05:33:58.821023+00:00,IIT Hyderabad - Careers,"Advertisement for post of JRF (Digital Twin, BIM) in AI CoE, IIT Hyderabad",https://iith.ac.in/assets/files/careers/staff/JRF AI CoE Digital Twin Architecture updated.pdf,
2026-07-16T05:33:58.821023+00:00,IIT Hyderabad - Careers,Advertisement for the post of Research Associate (RA) positions in the project of MEMS based Piezo Sensors and Bio Sensors,https://iith.ac.in/assets/files/careers/staff/EE_2024_Research Associate Position.pdf,
2026-07-16T05:33:58.821023+00:00,IIT Hyderabad - Careers,Advertisement for the post of Junior Research Fellow in SERB funded Research Project at Department of Electrical Engineering,https://iith.ac.in/assets/files/careers/staff/JRF_Advertisement_Hyd_Rolling.pdf,
2026-07-16T05:33:58.821023+00:00,IIT Hyderabad - Careers,"Applications Invited for Post-Doctoral Research Fellowship, Department of Electrical Engineering",https://iith.ac.in/assets/files/careers/staff/PDF_CSE_EE_Advertisement_02112024.pdf,
2026-07-16T05:33:58.821023+00:00,IIT Hyderabad - Careers,Advertisement for the post of JRF/PhD,https://iith.ac.in/assets/files/careers/staff/JRF_Ad_Project_G483.pdf,
2026-07-16T05:33:58.821023+00:00,IIT Hyderabad - Careers,Notice: Cancellation of Advertisement for the position of Senior Research Fellow,https://iith.ac.in/assets/files/careers/staff/notice_01_cancellation_advertisement_srf.pdf,
2026-07-16T05:33:58.821023+00:00,IIT Hyderabad - Careers,"Advertisement for Project Assistant, Department of Mechanical and Aerospace Engineering, IIT Hyderabad",https://iith.ac.in/assets/files/careers/staff/Project-Assistant-Recruitment-Advertisement-Sep-2025-iith-mae.pdf,
2026-07-16T05:33:58.821023+00:00,IIT Hyderabad - Careers,"Advertisement for Project Associate role in 5G/6G Project, IIT Hyderabad",https://iith.ac.in/assets/files/careers/staff/ProjectAssociateEngineer-ICPS-5g-2025.pdf,
2026-07-16T05:33:58.821023+00:00,IIT Hyderabad - Careers,"Advertisement for Senior Project Associate Engineer, IIT Hyderabad",https://iith.ac.in/assets/files/careers/staff/SeniorProject_Assiocate_iith_2025.pdf,
2026-07-16T05:33:58.821023+00:00,IIT Hyderabad - Careers,"Applications are invited for the Position of Energy Manager, Energy Assessment Engineers, and Project Assistant under a sponsored project at IEAC IIT Hyderabad.",https://iith.ac.in/assets/files/careers/staff/Advertisment_IEAC_Apr_2025_iith.pdf,
2026-07-16T05:33:58.821023+00:00,IIT Dharwad - Research Associates,Research Associates (RA) Opportunities,https://www.iitdh.ac.in/research-associates-ra-opportunities,
2026-07-16T05:33:58.821023+00:00,IIT Dharwad - Research Associates,Young Faculty Research Fellowship,https://www.iitdh.ac.in/young-faculty-research-fellowship,
2026-07-16T05:33:58.821023+00:00,IIT Dharwad - Research Associates,Research Associates (RA),https://www.iitdh.ac.in/research-associates,
2026-07-16T05:33:58.821023+00:00,IIT Bombay - IRCC Jobs,Selected Candidate for the post of Sr. Project Assistant against advertisement no. IRCC/EXT427/2025.,https://rnd.iitb.ac.in/sites/default/files/2026-03/Results%20of%20project%20assistant.pdf,
2026-07-16T05:33:58.821023+00:00,IIT Bombay - IRCC Jobs,Selected Candidate for the post of Project Assistant against advertisement no. IRCC/EXT421/2025.,https://rnd.iitb.ac.in/sites/default/files/2026-03/Results_IRCCEXT4212025.pdf,
2026-07-16T05:33:58.821023+00:00,IIT Bombay - IRCC Jobs,Shortlisted candidates for the computer based written test conducted on 02.03.2026 for the post of Project Assistant against Advertisement no. IRCC/EXT421/2025.,https://rnd.iitb.ac.in/sites/default/files/2026-03/2835_001.pdf,
2026-07-16T05:33:58.821023+00:00,IIT Bombay - IRCC Jobs,Selected Candidate for the post of Project Assistant against advertisement no. IRCC/EXT386/2025,https://rnd.iitb.ac.in/sites/default/files/2026-02/Selected%20Candidate%20for%20the%20post%20of%20Project%20Assistant%20against%20advertisement%20no.%20IRCCEXT3862025.pdf,
2026-07-16T05:33:58.821023+00:00,IIT Bombay - IRCC Jobs,Selected Candidate for the post of Project Assistant against advertisement no. IRCC/EXT395/2024,https://rnd.iitb.ac.in/sites/default/files/2025-09/IRCC_EXT395_2024.pdf,
2026-07-16T05:33:58.821023+00:00,NIT Silchar - Recruitment (all),Applications are invited from Indian citizens for Project Associate -I (PA-I) in the Department of Electrical Engineering,https://www.nits.ac.in/storage/CareerDocument/Career_6a5838984ef6d.pdf,
2026-07-16T05:33:58.821023+00:00,NIT Silchar - Recruitment (all),Applications are invited from Indian citizens for Junior Research Fellow (JRF) in the Department of Civil Engineering,https://www.nits.ac.in/storage/CareerDocument/Career_6a563f223b52f.pdf,
2026-07-16T05:33:58.821023+00:00,NIT Silchar - Recruitment (all),Applications are invited from Indian citizens for Project Associate-I (PA-I) in the Department of Mechanical Engineering,https://www.nits.ac.in/storage/CareerDocument/Career_6a4faf4e4b8a7.pdf,
2026-07-16T05:33:58.821023+00:00,NIT Silchar - Recruitment (all),Extension of the advertisement for recruitment Junior Research Fellow (JRF) in the Department of Electronics & Communication Engineering,https://www.nits.ac.in/storage/CareerDocument/Career_6a45142d7eb2a.pdf,
2026-07-16T05:33:58.821023+00:00,NIT Silchar - Recruitment (all),Applications are invited from Indian citizens for Junior Research Fellow (JRF) in the Department of Chemistry,https://www.nits.ac.in/storage/CareerDocument/Career_6a43f1db67333.pdf,
2026-07-16T05:33:58.821023+00:00,NIT Silchar - Recruitment (all),Applications are invited from Indian citizens for Junior Research Fellow (JRF) in the Department of Electronics and Communication Engineering,https://www.nits.ac.in/storage/CareerDocument/Career_6a43f19e70adb.pdf,
2026-07-16T05:33:58.821023+00:00,NIT Silchar - Recruitment (all),Applications are invited from Indian citizens for Project Assistant in the Department of Mechanical Engineering,https://www.nits.ac.in/storage/CareerDocument/Career_6a43f14b32b5b.pdf,
2026-07-16T05:33:58.821023+00:00,NIT Silchar - Recruitment (all),Applications are invited from Indian citizens for Research Associate I (RA-I) in the Department of Electronics & Communication Engineering,https://www.nits.ac.in/storage/CareerDocument/Career_6a451497850c9.pdf,
2026-07-16T05:33:58.821023+00:00,NIT Silchar - Recruitment (all),Applications are invited from Indian citizens for Junior Research Fellow (JRF) in the Department of Mechanical Engineering,https://www.nits.ac.in/storage/CareerDocument/Career_6a428ca31afd7.pdf,
2026-07-16T05:33:58.821023+00:00,NIT Silchar - Recruitment (all),Applications are invited from Indian citizens for Junior Research Fellow (JRF) in the Department of Electronics & Communication Engineering,https://www.nits.ac.in/storage/CareerDocument/Career_6a3a824bcf5a7.pdf,
2026-07-16T05:33:58.821023+00:00,NIT Silchar - Recruitment (all),Applications are invited from Indian citizens for Project Assistant in the Department of Mechanical Engineering,https://www.nits.ac.in/storage/CareerDocument/Career_6a315a827d043.pdf,
2026-07-16T05:33:58.821023+00:00,NIT Silchar - Recruitment (all),Applications are invited from Indian citizens for Research Associate I (RA-I) in the Department of Electronics & Communication Engineering,https://www.nits.ac.in/storage/CareerDocument/Career_6a280687cf331.pdf,
2026-07-16T05:33:58.821023+00:00,NIT Silchar - Recruitment (all),Applications are invited from Indian citizens for Junior Research Fellow (JRF) in the Department of Electronics & Communication Engineering,https://www.nits.ac.in/storage/CareerDocument/Career_6a1f1031ef6c6.pdf,
2026-07-16T05:33:58.821023+00:00,NIT Silchar - Recruitment (all),Applications are invited from Indian citizens for Junior Research Fellow (JRF) in the Department of Electronics & Communication Engineering,https://www.nits.ac.in/storage/CareerDocument/Career_6a15a68eabd38.pdf,
2026-07-16T05:33:58.821023+00:00,NIT Silchar - Recruitment (all),Applications are invited from Indian citizens for Project Associate-I in the Department of Mechanical Engineering,https://www.nits.ac.in/storage/CareerDocument/Career_69f9df76cfffc.pdf,
2026-07-16T05:33:58.821023+00:00,NIT Silchar - Recruitment (all),Applications are invited from Indian citizens for (01) Research Assistant and two (02) Field Investigators in the Department of Humanities and Social Sciences,https://www.nits.ac.in/storage/CareerDocument/Career_69f0ecf23d3c7.pdf,
2026-07-16T05:33:58.821023+00:00,NIT Silchar - Recruitment (all),Advertisement for a temporary post of Junior Research Fellow (JRF) for a WB-DSTBT funded sponsored project,https://www.nits.ac.in/storage/CareerDocument/Career_69bb4face3165.pdf,
2026-07-16T05:33:58.821023+00:00,NIT Silchar - Recruitment (all),Applications are invited from Indian citizens for Project Associate-I (PA-I) in the Department of Mechanical Engineering,https://www.nits.ac.in/storage/CareerDocument/Career_69b97d7ac0456.pdf,
2026-07-16T05:33:58.821023+00:00,NIT Silchar - Recruitment (all),Applications are invited from Indian citizens for Junior Research Fellow (JRF) in the Department of Chemistry,https://www.nits.ac.in/storage/CareerDocument/Career_69a6b0c710c51.pdf,
2026-07-16T05:33:58.821023+00:00,NIT Silchar - Recruitment (all),Applications are invited from Indian citizens for Research Assistant (R.A) in the Department of Humanities and Social Sciences,https://www.nits.ac.in/storage/CareerDocument/Career_69a053db18202.pdf,
2026-07-16T05:33:58.821023+00:00,NIT Silchar - Recruitment (all),Applications are invited from Indian citizens for Junior Research Fellow (JRF) in the Department of Physics,https://www.nits.ac.in/storage/CareerDocument/Career_6986ae64eb32b.pdf,
2026-07-16T05:33:58.821023+00:00,NIT Silchar - Recruitment (all),Applications are invited from Indian citizens for Junior Research Fellow (JRF) in the Department of Electronics & Communication Engineering,https://www.nits.ac.in/storage/CareerDocument/Career_698380b66baa4.pdf,
2026-07-16T05:33:58.821023+00:00,NIT Silchar - Recruitment (all),Applications are invited from Indian citizens for Project Associate-II (PA-II) in the Department of Electronics & Communication Engineering,https://www.nits.ac.in/storage/CareerDocument/Career_697367ac05418.pdf,
2026-07-16T05:33:58.821023+00:00,NIT Silchar - Recruitment (all),Applications are invited from Indian citizens for Project Associate-I (PA) in the Department of Mechanical Engineering,https://www.nits.ac.in/storage/CareerDocument/Career_697367642d1a3.pdf,
2026-07-16T05:33:58.821023+00:00,NIT Silchar - Recruitment (all),Applications are invited from Indian citizens for Junior Research Fellow (JRF) in the Department of Mechanical Engineering,https://www.nits.ac.in/storage/CareerDocument/Career_6966196065c98.pdf,
2026-07-16T05:33:58.821023+00:00,NIT Silchar - Recruitment (all),"Applications are invited from Indian citizens for a temporary post of Project Associate-I for the SERB-DST, Govt. of India sponsored project in the Department of Mechanical Engineering",https://www.nits.ac.in/storage/CareerDocument/Career_6964c9604b05b.pdf,
2026-07-16T05:33:58.821023+00:00,NIT Silchar - Recruitment (all),Applications are invited from Indian citizens for Project Associate-I in the Department of Electronics & Instrumentation Engineering,https://www.nits.ac.in/storage/CareerDocument/Career_6953c05fac316.pdf,
2026-07-16T05:33:58.821023+00:00,NIT Silchar - Recruitment (all),Applications are invited from Indian citizens for Research Associate I (RA-I) in the Department of Electronics and Communication Engineering,https://www.nits.ac.in/storage/CareerDocument/Career_6931962f9f8a4.pdf,
2026-07-16T05:33:58.821023+00:00,NIT Silchar - Recruitment (all),Applications are invited from Indian citizens for Project Associate-I or Project Associate-II in the Department of Mechanical Engineering,https://www.nits.ac.in/storage/CareerDocument/Career_693ad035c71d3.pdf,
2026-07-16T05:33:58.821023+00:00,NIT Silchar - Recruitment (all),Applications are invited from Indian citizens for Junior Research Fellow (JRF) in the Department of Electrical Engineering,https://www.nits.ac.in/storage/CareerDocument/Career_691f3e631a032.pdf,
2026-07-16T05:33:58.821023+00:00,NIT Silchar - Recruitment (all),Applications are invited from Indian citizens for Junior Research Fellow (JRF) in the Department of Physics,https://www.nits.ac.in/storage/CareerDocument/Career_691353288c1cc.pdf,
2026-07-16T05:33:58.821023+00:00,NIT Silchar - Recruitment (all),Extension Applications are invited from Indian citizens for Project Associate-I in the Department of Electronics & Instrumentation Engineering,https://www.nits.ac.in/storage/CareerDocument/Career_6910719cbc0f3.pdf,
2026-07-16T05:33:58.821023+00:00,NIT Silchar - Recruitment (all),Extension Applications are invited from Indian citizens for Junior Research Fellow (JRF) in the Department of Mechanical Engineering,https://www.nits.ac.in/storage/CareerDocument/Career_68e8e2268a35d.pdf,
2026-07-16T05:33:58.821023+00:00,NIT Silchar - Recruitment (all),Extension Applications are invited from Indian citizens for Junior Research Fellow (JRF) in the Department of Computer Science & Engineering,https://www.nits.ac.in/storage/CareerDocument/Career_68e8d7d2bb967.pdf,
2026-07-16T05:33:58.821023+00:00,NIT Silchar - Recruitment (all),Applications are invited from Indian citizens for Project Associate-I in the Department of Electronics & Instrumentation Engineering,https://www.nits.ac.in/storage/CareerDocument/Career_68e8d7a79f918.pdf,
2026-07-16T05:33:58.821023+00:00,NIT Silchar - Recruitment (all),Applications are invited from Indian citizens for Junior Research Fellow in the Department of Mechanical Engineering,https://www.nits.ac.in/storage/CareerDocument/Career_68cd55813b858.pdf,
2026-07-16T05:33:58.821023+00:00,NIT Silchar - Recruitment (all),Applications are invited from Indian citizens for Junior Research Fellow in the Department of Computer Science & Engineering,https://www.nits.ac.in/storage/CareerDocument/Career_68b708092b410.pdf,
2026-07-16T05:33:58.821023+00:00,NIT Silchar - Recruitment (all),Applications are invited from Indian citizens for Junior Research Fellow in the Department of Electrical Engineering,https://www.nits.ac.in/storage/CareerDocument/Career_68b7079bc4489.pdf,
2026-07-16T05:33:58.821023+00:00,NIT Silchar - Recruitment (all),Applications are invited from Indian citizens for Junior Research Fellow in the Department of Civil Engineering,https://www.nits.ac.in/storage/CareerDocument/Career_68a573163cd56.pdf,
2026-07-16T05:33:58.821023+00:00,NIT Silchar - Recruitment (all),Applications are invited from Indian citizens for Junior Research Fellow in the Department of Physics,https://www.nits.ac.in/storage/CareerDocument/Career_689b447944e1a.pdf,
2026-07-16T05:33:58.821023+00:00,NIT Silchar - Recruitment (all),Applications are invited from Indian citizens for Junior Research Fellow in the Department of Mechanical Engineering,https://www.nits.ac.in/storage/CareerDocument/Career_68934f4ef339d.pdf,
2026-07-16T05:33:58.821023+00:00,NIT Silchar - Recruitment (all),Applications are invited from Indian citizens for Junior Research Fellow in the Department of Chemistry,https://www.nits.ac.in/storage/CareerDocument/Career_68934e6e4cf4a.pdf,
2026-07-16T05:33:58.821023+00:00,NIT Silchar - Recruitment (all),Applications are invited from Indian citizens for Project Associate-I(PA-I)and Project Associate-II (PA-II) in the Department of Electronics & Communication Engineering,https://www.nits.ac.in/storage/CareerDocument/Career_6882f832a92a7.pdf,
2026-07-16T05:33:58.821023+00:00,NIT Silchar - Recruitment (all),Applications are invited from Indian citizens for Project Associate I (PA)/ Junior Research Fellow (JRF) in the Department of Mechanical Engineering,https://www.nits.ac.in/storage/CareerDocument/Career_687f958f2ca5e.pdf,
2026-07-16T05:33:58.821023+00:00,NIT Silchar - Recruitment (all),Extension Applications are invited from Indian citizens for Junior Research Fellow in the Department of Computer Science and Engineering,https://www.nits.ac.in/storage/CareerDocument/Career_686e2cc463ef8.pdf,
2026-07-16T05:33:58.821023+00:00,NIT Silchar - Recruitment (all),Applications are invited from Indian citizens for Junior Research Fellow in the Department of Computer Science and Engineering NIT Silchar,https://www.nits.ac.in/storage/CareerDocument/Career_6855863dc9246.pdf,
2026-07-16T05:33:58.821023+00:00,NIT Silchar - Recruitment (all),Applications are invited from Indian citizens for Junior Research Fellow in the Department of Electronics and Communication Engineering,https://www.nits.ac.in/storage/CareerDocument/Career_6840778dea331.pdf,
2026-07-16T05:33:58.821023+00:00,NIT Silchar - Recruitment (all),Applications are invited from Indian citizens for Junior Research Fellow in the Department of Physics,https://www.nits.ac.in/storage/CareerDocument/Career_683599aa165ed.pdf,
2026-07-16T05:33:58.821023+00:00,NIT Silchar - Recruitment (all),Applications are invited from Indian citizens for Junior Research Fellow in the Department of Electronics and Communication Engineering,https://www.nits.ac.in/storage/CareerDocument/Career_6827646d003e4.pdf,
2026-07-16T05:33:58.821023+00:00,NIT Silchar - Recruitment (all),Applications are invited from Indian citizens for Junior Research Fellow (JRF) in the Department of Electronics and Communication Engineering,https://www.nits.ac.in/storage/CareerDocument/Career_681d5b87eeeae.pdf,
2026-07-16T05:33:58.821023+00:00,NIT Silchar - Recruitment (all),"Applications are invited from Indian citizens for Junior Research fellow in the Department of Civil Engineering, NIT Silchar",https://www.nits.ac.in/storage/CareerDocument/JRF CE-converted.pdf,
2026-07-16T05:33:58.821023+00:00,NIT Silchar - Recruitment (all),Applications are invited from Indian citizens for Project Associate -I (PA-I) in the Department of Electrical Engineering,https://www.nits.ac.in/storage/CareerDocument/Career_6a5838984ef6d.pdf,
2026-07-16T05:33:58.821023+00:00,NIT Silchar - Recruitment (all),Applications are invited from Indian citizens for Junior Research Fellow (JRF) in the Department of Civil Engineering,https://www.nits.ac.in/storage/CareerDocument/Career_6a563f223b52f.pdf,
2026-07-16T05:33:58.821023+00:00,NIT Silchar - Recruitment (all),Applications are invited from Indian citizens for Project Associate-I (PA-I) in the Department of Mechanical Engineering,https://www.nits.ac.in/storage/CareerDocument/Career_6a4faf4e4b8a7.pdf,
2026-07-16T05:33:58.821023+00:00,NIT Silchar - Recruitment (all),Extension of the advertisement for recruitment Junior Research Fellow (JRF) in the Department of Electronics & Communication Engineering,https://www.nits.ac.in/storage/CareerDocument/Career_6a45142d7eb2a.pdf,
2026-07-16T05:33:58.821023+00:00,NIT Silchar - Recruitment (all),Applications are invited from Indian citizens for Junior Research Fellow (JRF) in the Department of Chemistry,https://www.nits.ac.in/storage/CareerDocument/Career_6a43f1db67333.pdf,
2026-07-16T05:33:58.821023+00:00,NIT Silchar - Recruitment (all),Applications are invited from Indian citizens for Junior Research Fellow (JRF) in the Department of Electronics and Communication Engineering,https://www.nits.ac.in/storage/CareerDocument/Career_6a43f19e70adb.pdf,
2026-07-16T05:33:58.821023+00:00,NIT Silchar - Recruitment (all),Applications are invited from Indian citizens for Project Assistant in the Department of Mechanical Engineering,https://www.nits.ac.in/storage/CareerDocument/Career_6a43f14b32b5b.pdf,
2026-07-16T05:33:58.821023+00:00,NIT Silchar - Recruitment (all),Applications are invited from Indian citizens for Research Associate I (RA-I) in the Department of Electronics & Communication Engineering,https://www.nits.ac.in/storage/CareerDocument/Career_6a451497850c9.pdf,
2026-07-16T05:33:58.821023+00:00,NIT Silchar - Recruitment (all),Applications are invited from Indian citizens for Junior Research Fellow (JRF) in the Department of Mechanical Engineering,https://www.nits.ac.in/storage/CareerDocument/Career_6a428ca31afd7.pdf,
2026-07-16T05:33:58.821023+00:00,NIT Silchar - Recruitment (all),Applications are invited from Indian citizens for Junior Research Fellow (JRF) in the Department of Electronics & Communication Engineering,https://www.nits.ac.in/storage/CareerDocument/Career_6a3a824bcf5a7.pdf,
2026-07-16T05:33:58.821023+00:00,NIT Silchar - Recruitment (all),Applications are invited from Indian citizens for Project Assistant in the Department of Mechanical Engineering,https://www.nits.ac.in/storage/CareerDocument/Career_6a315a827d043.pdf,
2026-07-16T05:33:58.821023+00:00,NIT Silchar - Recruitment (all),Applications are invited from Indian citizens for Research Associate I (RA-I) in the Department of Electronics & Communication Engineering,https://www.nits.ac.in/storage/CareerDocument/Career_6a280687cf331.pdf,
2026-07-16T05:33:58.821023+00:00,NIT Silchar - Recruitment (all),Applications are invited from Indian citizens for Junior Research Fellow (JRF) in the Department of Electronics & Communication Engineering,https://www.nits.ac.in/storage/CareerDocument/Career_6a1f1031ef6c6.pdf,
2026-07-16T05:33:58.821023+00:00,NIT Silchar - Recruitment (all),Applications are invited from Indian citizens for Junior Research Fellow (JRF) in the Department of Electronics & Communication Engineering,https://www.nits.ac.in/storage/CareerDocument/Career_6a15a68eabd38.pdf,
2026-07-16T05:33:58.821023+00:00,NIT Silchar - Recruitment (all),Applications are invited from Indian citizens for Project Associate-I in the Department of Mechanical Engineering,https://www.nits.ac.in/storage/CareerDocument/Career_69f9df76cfffc.pdf,
2026-07-16T05:33:58.821023+00:00,NIT Silchar - Recruitment (all),Applications are invited from Indian citizens for (01) Research Assistant and two (02) Field Investigators in the Department of Humanities and Social Sciences,https://www.nits.ac.in/storage/CareerDocument/Career_69f0ecf23d3c7.pdf,
2026-07-16T05:33:58.821023+00:00,NIT Silchar - Recruitment (all),Advertisement for a temporary post of Junior Research Fellow (JRF) for a WB-DSTBT funded sponsored project,https://www.nits.ac.in/storage/CareerDocument/Career_69bb4face3165.pdf,
2026-07-16T05:33:58.821023+00:00,NIT Silchar - Recruitment (all),Applications are invited from Indian citizens for Project Associate-I (PA-I) in the Department of Mechanical Engineering,https://www.nits.ac.in/storage/CareerDocument/Career_69b97d7ac0456.pdf,
2026-07-16T05:33:58.821023+00:00,NIT Silchar - Recruitment (all),Applications are invited from Indian citizens for Junior Research Fellow (JRF) in the Department of Chemistry,https://www.nits.ac.in/storage/CareerDocument/Career_69a6b0c710c51.pdf,
2026-07-16T05:33:58.821023+00:00,NIT Silchar - Recruitment (all),Applications are invited from Indian citizens for Research Assistant (R.A) in the Department of Humanities and Social Sciences,https://www.nits.ac.in/storage/CareerDocument/Career_69a053db18202.pdf,
2026-07-16T05:33:58.821023+00:00,NIT Silchar - Recruitment (all),Applications are invited from Indian citizens for Junior Research Fellow (JRF) in the Department of Physics,https://www.nits.ac.in/storage/CareerDocument/Career_6986ae64eb32b.pdf,
2026-07-16T05:33:58.821023+00:00,NIT Silchar - Recruitment (all),Applications are invited from Indian citizens for Junior Research Fellow (JRF) in the Department of Electronics & Communication Engineering,https://www.nits.ac.in/storage/CareerDocument/Career_698380b66baa4.pdf,
2026-07-16T05:33:58.821023+00:00,NIT Silchar - Recruitment (all),Applications are invited from Indian citizens for Project Associate-II (PA-II) in the Department of Electronics & Communication Engineering,https://www.nits.ac.in/storage/CareerDocument/Career_697367ac05418.pdf,
2026-07-16T05:33:58.821023+00:00,NIT Silchar - Recruitment (all),Applications are invited from Indian citizens for Project Associate-I (PA) in the Department of Mechanical Engineering,https://www.nits.ac.in/storage/CareerDocument/Career_697367642d1a3.pdf,
2026-07-16T05:33:58.821023+00:00,NIT Silchar - Recruitment (all),Applications are invited from Indian citizens for Junior Research Fellow (JRF) in the Department of Mechanical Engineering,https://www.nits.ac.in/storage/CareerDocument/Career_6966196065c98.pdf,
2026-07-16T05:33:58.821023+00:00,NIT Silchar - Recruitment (all),"Applications are invited from Indian citizens for a temporary post of Project Associate-I for the SERB-DST, Govt. of India sponsored project in the Department of Mechanical Engineering",https://www.nits.ac.in/storage/CareerDocument/Career_6964c9604b05b.pdf,
2026-07-16T05:33:58.821023+00:00,NIT Silchar - Recruitment (all),Applications are invited from Indian citizens for Project Associate-I in the Department of Electronics & Instrumentation Engineering,https://www.nits.ac.in/storage/CareerDocument/Career_6953c05fac316.pdf,
2026-07-16T05:33:58.821023+00:00,NIT Silchar - Recruitment (all),Applications are invited from Indian citizens for Research Associate I (RA-I) in the Department of Electronics and Communication Engineering,https://www.nits.ac.in/storage/CareerDocument/Career_6931962f9f8a4.pdf,
2026-07-16T05:33:58.821023+00:00,NIT Silchar - Recruitment (all),Applications are invited from Indian citizens for Project Associate-I or Project Associate-II in the Department of Mechanical Engineering,https://www.nits.ac.in/storage/CareerDocument/Career_693ad035c71d3.pdf,
2026-07-16T05:33:58.821023+00:00,NIT Silchar - Recruitment (all),Applications are invited from Indian citizens for Junior Research Fellow (JRF) in the Department of Electrical Engineering,https://www.nits.ac.in/storage/CareerDocument/Career_691f3e631a032.pdf,
2026-07-16T05:33:58.821023+00:00,NIT Silchar - Recruitment (all),Applications are invited from Indian citizens for Junior Research Fellow (JRF) in the Department of Physics,https://www.nits.ac.in/storage/CareerDocument/Career_691353288c1cc.pdf,
2026-07-16T05:33:58.821023+00:00,NIT Silchar - Recruitment (all),Extension Applications are invited from Indian citizens for Project Associate-I in the Department of Electronics & Instrumentation Engineering,https://www.nits.ac.in/storage/CareerDocument/Career_6910719cbc0f3.pdf,
2026-07-16T05:33:58.821023+00:00,NIT Silchar - Recruitment (all),Extension Applications are invited from Indian citizens for Junior Research Fellow (JRF) in the Department of Mechanical Engineering,https://www.nits.ac.in/storage/CareerDocument/Career_68e8e2268a35d.pdf,
2026-07-16T05:33:58.821023+00:00,NIT Silchar - Recruitment (all),Extension Applications are invited from Indian citizens for Junior Research Fellow (JRF) in the Department of Computer Science & Engineering,https://www.nits.ac.in/storage/CareerDocument/Career_68e8d7d2bb967.pdf,
2026-07-16T05:33:58.821023+00:00,NIT Silchar - Recruitment (all),Applications are invited from Indian citizens for Project Associate-I in the Department of Electronics & Instrumentation Engineering,https://www.nits.ac.in/storage/CareerDocument/Career_68e8d7a79f918.pdf,
2026-07-16T05:33:58.821023+00:00,NIT Silchar - Recruitment (all),Applications are invited from Indian citizens for Junior Research Fellow in the Department of Mechanical Engineering,https://www.nits.ac.in/storage/CareerDocument/Career_68cd55813b858.pdf,
2026-07-16T05:33:58.821023+00:00,NIT Silchar - Recruitment (all),Applications are invited from Indian citizens for Junior Research Fellow in the Department of Computer Science & Engineering,https://www.nits.ac.in/storage/CareerDocument/Career_68b708092b410.pdf,
2026-07-16T05:33:58.821023+00:00,NIT Silchar - Recruitment (all),Applications are invited from Indian citizens for Junior Research Fellow in the Department of Electrical Engineering,https://www.nits.ac.in/storage/CareerDocument/Career_68b7079bc4489.pdf,
2026-07-16T05:33:58.821023+00:00,NIT Silchar - Recruitment (all),Applications are invited from Indian citizens for Junior Research Fellow in the Department of Civil Engineering,https://www.nits.ac.in/storage/CareerDocument/Career_68a573163cd56.pdf,
2026-07-16T05:33:58.821023+00:00,NIT Silchar - Recruitment (all),Applications are invited from Indian citizens for Junior Research Fellow in the Department of Physics,https://www.nits.ac.in/storage/CareerDocument/Career_689b447944e1a.pdf,
2026-07-16T05:33:58.821023+00:00,NIT Silchar - Recruitment (all),Applications are invited from Indian citizens for Junior Research Fellow in the Department of Mechanical Engineering,https://www.nits.ac.in/storage/CareerDocument/Career_68934f4ef339d.pdf,
2026-07-16T05:33:58.821023+00:00,NIT Silchar - Recruitment (all),Applications are invited from Indian citizens for Junior Research Fellow in the Department of Chemistry,https://www.nits.ac.in/storage/CareerDocument/Career_68934e6e4cf4a.pdf,
2026-07-16T05:33:58.821023+00:00,NIT Silchar - Recruitment (all),Applications are invited from Indian citizens for Project Associate-I(PA-I)and Project Associate-II (PA-II) in the Department of Electronics & Communication Engineering,https://www.nits.ac.in/storage/CareerDocument/Career_6882f832a92a7.pdf,
2026-07-16T05:33:58.821023+00:00,NIT Silchar - Recruitment (all),Applications are invited from Indian citizens for Project Associate I (PA)/ Junior Research Fellow (JRF) in the Department of Mechanical Engineering,https://www.nits.ac.in/storage/CareerDocument/Career_687f958f2ca5e.pdf,
2026-07-16T05:33:58.821023+00:00,NIT Silchar - Recruitment (all),Extension Applications are invited from Indian citizens for Junior Research Fellow in the Department of Computer Science and Engineering,https://www.nits.ac.in/storage/CareerDocument/Career_686e2cc463ef8.pdf,
2026-07-16T05:33:58.821023+00:00,NIT Silchar - Recruitment (all),Applications are invited from Indian citizens for Junior Research Fellow in the Department of Computer Science and Engineering NIT Silchar,https://www.nits.ac.in/storage/CareerDocument/Career_6855863dc9246.pdf,
2026-07-16T05:33:58.821023+00:00,NIT Silchar - Recruitment (all),Applications are invited from Indian citizens for Junior Research Fellow in the Department of Electronics and Communication Engineering,https://www.nits.ac.in/storage/CareerDocument/Career_6840778dea331.pdf,
2026-07-16T05:33:58.821023+00:00,NIT Silchar - Recruitment (all),Applications are invited from Indian citizens for Junior Research Fellow in the Department of Physics,https://www.nits.ac.in/storage/CareerDocument/Career_683599aa165ed.pdf,
2026-07-16T05:33:58.821023+00:00,NIT Silchar - Recruitment (all),Applications are invited from Indian citizens for Junior Research Fellow in the Department of Electronics and Communication Engineering,https://www.nits.ac.in/storage/CareerDocument/Career_6827646d003e4.pdf,
2026-07-16T05:33:58.821023+00:00,NIT Silchar - Recruitment (all),Applications are invited from Indian citizens for Junior Research Fellow (JRF) in the Department of Electronics and Communication Engineering,https://www.nits.ac.in/storage/CareerDocument/Career_681d5b87eeeae.pdf,
2026-07-16T05:33:58.821023+00:00,NIT Silchar - Recruitment (all),"Applications are invited from Indian citizens for Junior Research fellow in the Department of Civil Engineering, NIT Silchar",https://www.nits.ac.in/storage/CareerDocument/JRF CE-converted.pdf,
2026-07-20T06:11:12.685116+00:00,FacultyTick - Research category,Indian Institute of Science Education and Research (IISER) Tirupati Recruitment for the post of Junior Research Fellow (JRF) under ANRF-PMECRG funded project Job Roles 2026,https://facultytick.com/2026/07/18/indian-institute-of-science-education-and-research-iiser-tirupati-recruitment-for-the-post-of-junior-research-fellow-jrf-under-anrf-pmecrg-funded-project-job-roles-2026/,"Fri, 17 Jul 2026 18:50:09 +0000"
2026-07-20T06:11:12.685116+00:00,FacultyTick - Research category,Indian Institute of Science Education and Research Thiruvananthapuram invites applications for the following Junior Research Fellow (JRF) positions on contract basis Job Opportunity 2026,https://facultytick.com/2026/07/18/indian-institute-of-science-education-and-research-thiruvananthapuram-invites-applications-for-the-following-junior-research-fellow-jrf-positions-on-contract-basis-job-opportunity-2026/,"Fri, 17 Jul 2026 18:48:29 +0000"
2026-07-20T06:11:12.685116+00:00,FacultyTick - Research category,Indian Institute of Science Education and Research Thiruvananthapuram invites applications for the following Junior Research Fellow (JRF) Job positions 2026,https://facultytick.com/2026/07/18/indian-institute-of-science-education-and-research-thiruvananthapuram-invites-applications-for-the-following-junior-research-fellow-jrf-job-positions-2026/,"Fri, 17 Jul 2026 18:47:47 +0000"
2026-07-20T06:11:12.685116+00:00,FacultyTick - Research category,"Banaras Hindu University, Varanasi Advertisement for Junior Research Fellow (JRF) in ANRF sponsored project Job Openings 2026",https://facultytick.com/2026/07/18/banaras-hindu-university-varanasi-advertisement-for-junior-research-fellow-jrf-in-anrf-sponsored-project-job-openings-2026/,"Fri, 17 Jul 2026 18:41:47 +0000"
2026-07-20T06:11:12.685116+00:00,FacultyTick - Research category,Central University of Rajasthan Senior Research Fellow (SRF)/ Junior Research fellow (JRF) Job Opportunities 2026,https://facultytick.com/2026/07/18/central-university-of-rajasthan-senior-research-fellow-srf-junior-research-fellow-jrf-job-opportunities-2026/,"Fri, 17 Jul 2026 18:41:26 +0000"
2026-07-20T06:11:12.685116+00:00,FacultyTick - Research category,Central University of Rajasthan Junior Research Fellow & Project Assistant Job Opportunities 2026,https://facultytick.com/2026/07/18/central-university-of-rajasthan-junior-research-fellow-project-assistant-job-opportunities-2026/,"Fri, 17 Jul 2026 18:40:23 +0000"
2026-07-20T06:11:12.685116+00:00,FacultyTick - Research category,Central University of Rajasthan Applications are invited for the following Senior Research Fellow in a purely time-bound DBT research project Job Opportunities 2026,https://facultytick.com/2026/07/18/central-university-of-rajasthan-applications-are-invited-for-the-following-senior-research-fellow-in-a-purely-time-bound-dbt-research-project-job-opportunities-2026/,"Fri, 17 Jul 2026 18:39:20 +0000"
2026-07-20T06:11:12.685116+00:00,FacultyTick - Research category,University of Delhi Online Applications are invited for the following temporary Research Assistant positions Job Openings 2026,https://facultytick.com/2026/07/17/university-of-delhi-online-applications-are-invited-for-the-following-temporary-research-assistant-positions-job-openings-2026/,"Thu, 16 Jul 2026 18:54:19 +0000"
2026-07-20T06:11:12.685116+00:00,FacultyTick - Research category,University of Delhi Online Applications are invited for the following temporary Research Assistant positions Job Openings 2026,https://facultytick.com/2026/07/17/university-of-delhi-online-applications-are-invited-for-the-following-temporary-research-assistant-positions-job-openings-2026-2/,"Thu, 16 Jul 2026 18:54:18 +0000"
2026-07-20T06:11:12.685116+00:00,FacultyTick - Research category,National Institute of Technology Silchar Applications are invited from Indian citizens for a temporary of post of Junior Research Fellow (JRF) for the ANRF Job Vacancies 2026,https://facultytick.com/2026/07/17/national-institute-of-technology-silchar-applications-are-invited-from-indian-citizens-for-a-temporary-of-post-of-junior-research-fellow-jrf-for-the-anrf-job-vacancies-2026/,"Thu, 16 Jul 2026 18:54:14 +0000"
2026-07-20T06:11:12.685116+00:00,IIT Hyderabad - Careers,"Applications invited for the post of Project Assistant on a time-limited contract, IIT Hyderabad",https://iith.ac.in/assets/files/careers/staff/Advertisement_ProjectAssistant_Environmental_science.pdf,
2026-07-20T06:11:12.685116+00:00,IIT Hyderabad - Careers,"Applications invited for the post of Project Scientist, on a time- limited contract, IIT Hyderabad",https://iith.ac.in/assets/files/careers/staff/Advertisement_ProjectScientist_Environmental_GIS.pdf,
2026-07-25T05:38:12.510808+00:00,FacultyTick - Research category,Indian Institute of Management Bangalore (IIMB) Application invited from the eligible candidates for the Post of Senior Research Associate – Jal Jeevan Mission Job Role 2026,https://facultytick.com/2026/07/25/indian-institute-of-management-bangalore-iimb-application-invited-from-the-eligible-candidates-for-the-post-of-senior-research-associate-jal-jeevan-mission-job-role-2026/,"Sat, 25 Jul 2026 02:10:00 +0000"
2026-07-25T05:38:12.510808+00:00,FacultyTick - Research category,North-Eastern Hill University Advertisement Research Associate Project Job Opportunity 2026,https://facultytick.com/2026/07/24/north-eastern-hill-university-advertisement-research-associate-project-job-opportunity-2026/,"Thu, 23 Jul 2026 19:14:05 +0000"
2026-07-25T05:38:12.510808+00:00,FacultyTick - Research category,Indian Institute of Science Education and Research (IISER) Tirupati Recruitment for the post of “Junior Research Fellow (JRF)” under ANRF-PMECRG funded project Job Opportunity 2026,https://facultytick.com/2026/07/24/indian-institute-of-science-education-and-research-iiser-tirupati-recruitment-for-the-post-of-junior-research-fellow-jrf-under-anrf-pmecrg-funded-project-job-opportunity-2026/,"Thu, 23 Jul 2026 19:14:04 +0000"
2026-07-25T05:38:12.510808+00:00,FacultyTick - Research category,Indian Institute of Science Education and Research Bhopal Advertisement for the Research Associate-I Job Opening 2026,https://facultytick.com/2026/07/24/indian-institute-of-science-education-and-research-bhopal-advertisement-for-the-research-associate-i-job-opening-2026/,"Thu, 23 Jul 2026 19:14:04 +0000"
2026-07-25T05:38:12.510808+00:00,FacultyTick - Research category,IISER Bhopal Applications are invited from highly motivated and research-oriented candidates for the position of Junior Research Fellow (JRF) Job Vacancy 2026,https://facultytick.com/2026/07/24/iiser-bhopal-applications-are-invited-from-highly-motivated-and-research-oriented-candidates-for-the-position-of-junior-research-fellow-jrf-job-vacancy-2026/,"Thu, 23 Jul 2026 19:14:03 +0000"
2026-07-25T05:38:12.510808+00:00,FacultyTick - Research category,Indian Institute of Science Education & Research Bhopal Advertisement for the position of Junior Research Fellow (JRF) Job Opportunity 2026,https://facultytick.com/2026/07/24/indian-institute-of-science-education-research-bhopal-advertisement-for-the-position-of-junior-research-fellow-jrf-job-opportunity-2026/,"Thu, 23 Jul 2026 19:14:03 +0000"
2026-07-25T05:38:12.510808+00:00,FacultyTick - Research category,Indian Institute of Science Education and Research Bhopal Advertisement for the Post of One Junior Research Fellow Job Role 2026,https://facultytick.com/2026/07/24/indian-institute-of-science-education-and-research-bhopal-advertisement-for-the-post-of-one-junior-research-fellow-job-role-2026/,"Thu, 23 Jul 2026 19:14:02 +0000"
2026-07-25T05:38:12.510808+00:00,FacultyTick - Research category,Indian Institute of Science Education and Research Bhopal Advertisement for the post of Research Associate-I Job Openings 2026,https://facultytick.com/2026/07/24/indian-institute-of-science-education-and-research-bhopal-advertisement-for-the-post-of-research-associate-i-job-openings-2026/,"Thu, 23 Jul 2026 19:14:02 +0000"
2026-07-25T05:38:12.510808+00:00,FacultyTick - Research category,Indian Institute of Science Education and Research (IISER) Bhopal Applications are invited from Indian nationals for the post of Research Associate Job Opportunity 2026,https://facultytick.com/2026/07/24/indian-institute-of-science-education-and-research-iiser-bhopal-applications-are-invited-from-indian-nationals-for-the-post-of-research-associate-job-opportunity-2026/,"Thu, 23 Jul 2026 19:14:01 +0000"
2026-07-25T05:38:12.510808+00:00,FacultyTick - Research category,Indian Institute of Science Education and Research Thiruvananthapuram Invites applications for the following Junior Research Fellow positions on contract basis Job Openings 2026,https://facultytick.com/2026/07/24/indian-institute-of-science-education-and-research-thiruvananthapuram-invites-applications-for-the-following-junior-research-fellow-positions-on-contract-basis-job-openings-2026/,"Thu, 23 Jul 2026 19:14:00 +0000"
2026-07-25T05:38:12.510808+00:00,FacultyTick - Research category,Indian Institute of Technology Indore Advertisement for Recruitment of Research Associate Job Position 2026,https://facultytick.com/2026/07/23/indian-institute-of-technology-indore-advertisement-for-recruitment-of-research-associate-job-position-2026/,"Wed, 22 Jul 2026 18:54:27 +0000"
2026-07-25T05:38:12.510808+00:00,FacultyTick - Research category,Indian Institute of Technology Indore Advertisement for Recruitment of Joint Research Fellow (JRF) Job Position 2026,https://facultytick.com/2026/07/23/indian-institute-of-technology-indore-advertisement-for-recruitment-of-joint-research-fellow-jrf-job-position-2026/,"Wed, 22 Jul 2026 18:54:24 +0000"
2026-07-25T05:38:12.510808+00:00,FacultyTick - Research category,PONDICHERRY UNIVERSITY ADVERTISEMENT FOR JUNIOR RESEARCH FELLOW (JRF) FACULTY RECRUITMENT UNDER DRDO PROJECT 2026,https://facultytick.com/2026/07/22/pondicherry-university-advertisement-for-junior-research-fellow-jrf-faculty-recruitment-under-drdo-project-2026/,"Tue, 21 Jul 2026 19:02:27 +0000"
2026-07-25T05:38:12.510808+00:00,FacultyTick - Research category,Indian Institute of Technology (IIT) Tirupati Applications are invited from eligible Indian nationals for the post of Junior Research Fellow Job Vacancy 2026,https://facultytick.com/2026/07/21/indian-institute-of-technology-iit-tirupati-applications-are-invited-from-eligible-indian-nationals-for-the-post-of-junior-research-fellow-job-vacancy-2026/,"Mon, 20 Jul 2026 18:57:39 +0000"
2026-07-25T05:38:12.510808+00:00,FacultyTick - Research category,"Indian Institute of Technology (Indian School of Mines), Dhanbad Junior Research Fellow (JRF) position under ARG Project Job Roles 2026",https://facultytick.com/2026/07/21/indian-institute-of-technology-indian-school-of-mines-dhanbad-junior-research-fellow-jrf-position-under-arg-project-job-roles-2026/,"Mon, 20 Jul 2026 18:57:36 +0000"
2026-07-25T05:38:12.510808+00:00,FacultyTick - Research category,"Indian Institute of Technology, Ropar (IIT Ropar) Applications are invited for a Junior Research Fellow (JRF) position Job Opening 2026",https://facultytick.com/2026/07/21/indian-institute-of-technology-ropar-iit-ropar-applications-are-invited-for-a-junior-research-fellow-jrf-position-job-opening-2026/,"Mon, 20 Jul 2026 18:57:34 +0000"
2026-07-25T05:38:12.510808+00:00,FacultyTick - Research category,Indian Institute of Technology Mandi Applications from Indian nationals are invited under the following Junior Research Fellow (JRF) project on temporary basis Job Opportunity 2026,https://facultytick.com/2026/07/21/indian-institute-of-technology-mandi-applications-from-indian-nationals-are-invited-under-the-following-junior-research-fellow-jrf-project-on-temporary-basis-job-opportunity-2026/,"Mon, 20 Jul 2026 18:57:32 +0000"
2026-07-25T05:38:12.510808+00:00,FacultyTick - Research category,Indian Institute of Technology Ropar Applications are invited for a Research Associate (RA) position in the Department of Chemical Engineering Job Opportunities 2026,https://facultytick.com/2026/07/20/indian-institute-of-technology-ropar-applications-are-invited-for-a-research-associate-ra-position-in-the-department-of-chemical-engineering-job-opportunities-2026/,"Mon, 20 Jul 2026 16:13:23 +0000"
2026-07-25T05:38:12.510808+00:00,NIT Silchar - Recruitment (all),Extension of the advertisement for recruitment Junior Research Fellow (JRF) in the Department of Chemistry,https://www.nits.ac.in/storage/CareerDocument/Career_6a62fc8c8eb14.pdf,
2026-07-25T05:38:12.510808+00:00,NIT Silchar - Recruitment (all),Extension of the advertisement for recruitment Junior Research Fellow (JRF) in the Department of Chemistry,https://www.nits.ac.in/storage/CareerDocument/Career_6a62fc8c8eb14.pdf,
2026-07-29T05:45:28.996259+00:00,FacultyTick - Research category,"Indian Institute of Technology (Indian School of Mines), Dhanbad Junior Research Fellow (JRF) under ANRF Project Job Vacancy 2026",https://facultytick.com/2026/07/28/indian-institute-of-technology-indian-school-of-mines-dhanbad-junior-research-fellow-jrf-under-anrf-project-job-vacancy-2026/,"Mon, 27 Jul 2026 18:49:41 +0000"
2026-07-29T05:45:28.996259+00:00,FacultyTick - Research category,Indian Institute of Technology Ropar (IIT Ropar) Applications are invited from Indian Nationals for the following project positions under the Meity funded project Junior Research Fellow (JRF) and other positions Job Opening 2026,https://facultytick.com/2026/07/28/indian-institute-of-technology-ropar-iit-ropar-applications-are-invited-from-indian-nationals-for-the-following-project-positions-under-the-meity-funded-project-junior-research-fellow-jrf-and-oth/,"Mon, 27 Jul 2026 18:49:40 +0000"
2026-07-29T05:45:28.996259+00:00,FacultyTick - Research category,Indian Institute of Technology Ropar Advertisement for the Post of Junior Research Fellow Job Position 2026,https://facultytick.com/2026/07/28/indian-institute-of-technology-ropar-advertisement-for-the-post-of-junior-research-fellow-job-position-2026/,"Mon, 27 Jul 2026 18:49:39 +0000"
2026-07-29T05:45:28.996259+00:00,FacultyTick - Research category,Indian Institute of Technology Mandi invited under the following Project Associate – I(JRF) project on temporary basis Job Opening 2026,https://facultytick.com/2026/07/28/indian-institute-of-technology-mandi-invited-under-the-following-project-associate-ijrf-project-on-temporary-basis-job-opening-2026/,"Mon, 27 Jul 2026 18:49:38 +0000"
2026-07-29T05:45:28.996259+00:00,FacultyTick - Research category,Indian Institute of Technology Ropar Advertisement for Junior Research Fellow in DST Sponsored Project Job Vacancy 2026,https://facultytick.com/2026/07/28/indian-institute-of-technology-ropar-advertisement-for-junior-research-fellow-in-dst-sponsored-project-job-vacancy-2026/,"Mon, 27 Jul 2026 18:49:37 +0000"
2026-07-29T05:45:28.996259+00:00,FacultyTick - Research category,Indian Institute of Technology (ISM) Dhanbad Project Staff (JRF/SRF/RA/Project Assistant/Project Associate) position under ANRF Project Job Openings 2026,https://facultytick.com/2026/07/27/indian-institute-of-technology-ism-dhanbad-project-staff-jrf-srf-ra-project-assistant-project-associate-position-under-anrf-project-job-openings-2026/,"Mon, 27 Jul 2026 15:15:36 +0000"
2026-07-29T05:45:28.996259+00:00,FacultyTick - Research category,IIT Tirupati Applications are invited from eligible Indian nationals for the post of Junior Research Fellow in a time bound ANRF sponsored project job Openings 2026,https://facultytick.com/2026/07/27/iit-tirupati-applications-are-invited-from-eligible-indian-nationals-for-the-post-of-junior-research-fellow-in-a-time-bound-anrf-sponsored-project-job-openings-2026/,"Mon, 27 Jul 2026 15:15:33 +0000"
2026-07-29T05:45:28.996259+00:00,FacultyTick - Research category,IIT Tirupati Applications are invited from eligible Indian nationals for the post of Junior Research Fellow Job Openings 2026,https://facultytick.com/2026/07/27/iit-tirupati-applications-are-invited-from-eligible-indian-nationals-for-the-post-of-junior-research-fellow-job-openings-2026/,"Mon, 27 Jul 2026 15:15:31 +0000"
2026-07-29T05:45:28.996259+00:00,FacultyTick - Research category,Indian Institute of Technology Guwahati Applications are invited for an Online-Interview for the following post Senior Research Fellow (Direct) Job Vacancy 2026,https://facultytick.com/2026/07/27/indian-institute-of-technology-guwahati-applications-are-invited-for-an-online-interview-for-the-following-post-senior-research-fellow-direct-job-vacancy-2026/,"Mon, 27 Jul 2026 15:15:27 +0000"
2026-07-29T05:45:28.996259+00:00,FacultyTick - Research category,Indian Institute of Technology Jammu Applications are invited from the interested candidates for the post of Junior Research Fellow (JRF) Job Opportunity 2026,https://facultytick.com/2026/07/27/indian-institute-of-technology-jammu-applications-are-invited-from-the-interested-candidates-for-the-post-of-junior-research-fellow-jrf-job-opportunity-2026/,"Mon, 27 Jul 2026 15:15:23 +0000"
2026-07-29T05:45:28.996259+00:00,FacultyTick - Research category,National Institute of Technology Durgapur Advertisement for the post of Junior Research Fellow (JRF) Job Opportunity 2026,https://facultytick.com/2026/07/26/national-institute-of-technology-durgapur-advertisement-for-the-post-of-junior-research-fellow-jrf-job-opportunity-2026/,"Sun, 26 Jul 2026 06:36:25 +0000"
2026-07-29T05:45:28.996259+00:00,FacultyTick - Research category,National Institute of Technology Raipur Hybrid Walk-in-Interview for the Post of Junior Research Fellow (JRF) in Sponsored R&D Project Job Opening 2026,https://facultytick.com/2026/07/26/national-institute-of-technology-raipur-hybrid-walk-in-interview-for-the-post-of-junior-research-fellow-jrf-in-sponsored-rd-project-job-opening-2026/,"Sun, 26 Jul 2026 03:19:05 +0000"
2026-07-29T05:45:28.996259+00:00,FacultyTick - Research category,"National Institute of Technology, Tiruchirappalli Applications are invited from Indian Nationals only for Junior Research Fellow (JRF)/ Project Associate – I Job Positions 2026",https://facultytick.com/2026/07/26/national-institute-of-technology-tiruchirappalli-applications-are-invited-from-indian-nationals-only-for-junior-research-fellow-jrf-project-associate-i-job-positions-2026/,"Sun, 26 Jul 2026 02:16:53 +0000"
2026-07-29T05:45:28.996259+00:00,FacultyTick - Research category,Sardar Vallabhbhai National Institute of Technology Advertisement for the post of Junior Research Fellow (JRF) under a SERB sponsored project Job Opening 2026,https://facultytick.com/2026/07/26/sardar-vallabhbhai-national-institute-of-technology-advertisement-for-the-post-of-junior-research-fellow-jrf-under-a-serb-sponsored-project-job-opening-2026/,"Sat, 25 Jul 2026 19:26:17 +0000"
2026-07-29T05:45:28.996259+00:00,FacultyTick - Research category,National Institute of Technology Raipur Advertisement for the Post of Junior Research Fellow (JRF) Job Vacancy 2026,https://facultytick.com/2026/07/25/national-institute-of-technology-raipur-advertisement-for-the-post-of-junior-research-fellow-jrf-job-vacancy-2026/,"Sat, 25 Jul 2026 14:08:46 +0000"
2026-07-29T05:45:28.996259+00:00,FacultyTick - Research category,"National Institute of Technology (NIT), Kurukshetra Recruitment of Project Associate/Junior Research Fellow (JRF) for the research project funded by ANRF Job Role 2026",https://facultytick.com/2026/07/25/national-institute-of-technology-nit-kurukshetra-recruitment-of-project-associate-junior-research-fellow-jrf-for-the-research-project-funded-by-anrf-job-role-2026/,"Sat, 25 Jul 2026 14:00:29 +0000"
2026-07-29T05:45:28.996259+00:00,FacultyTick - Research category,Maulana Azad National Institute of Technology Bhopal Advertisement for Junior Research Fellow (JRF) Job Opening 2026,https://facultytick.com/2026/07/24/maulana-azad-national-institute-of-technology-bhopal-advertisement-for-junior-research-fellow-jrf-job-opening-2026/,"Fri, 24 Jul 2026 08:24:14 +0000"
2026-07-29T05:45:28.996259+00:00,IIT Hyderabad - Careers,"Advertisement for the post of JRF in Hydraulic and Water Resources Engineering, Department of Civil Engineering, IIT Hyderabad (Project title: Fate and transport of nanoatrazine in soil and its implication on soil-plant interaction)",https://iith.ac.in/assets/files/careers/staff/Fate_and_Transport_of_Nanoatrazine_in_Soil.pdf,
2026-07-29T05:45:28.996259+00:00,IIT Hyderabad - Careers,"Advertisement for Junior Research Fellow in the project 'Integrated converter design for stator and rotor of EESM for EV applications', IIT Hyderabad",https://iith.ac.in/assets/files/careers/staff/02_Advertisement_JRF_24-07-2026_Link.pdf,
2026-07-29T05:45:28.996259+00:00,IIT Hyderabad - Careers,"Advertisement for Post-Doctoral Research Fellow in the Project 'AI-Driven Multisensor Framework', IIT Hyderabad",https://iith.ac.in/assets/files/careers/staff/2Postdoc-Advertisement.pdf,
2026-07-29T05:45:28.996259+00:00,NIT Silchar - Recruitment (all),Applications are invited from Indian citizens for Project Associate-I (PA-I) in the Department of Electronics and Communication Engineering,https://www.nits.ac.in/storage/CareerDocument/Career_6a698f19f093a.pdf,
2026-07-29T05:45:28.996259+00:00,NIT Silchar - Recruitment (all),Applications are invited from Indian citizens for Project Associate-I (PA-I) in the Department of Electronics and Communication Engineering,https://www.nits.ac.in/storage/CareerDocument/Career_6a698f19f093a.pdf,
2026-08-02T05:57:37.871231+00:00,FacultyTick - Research category,Indian Institute of Technology Hyderabad Advertisement for the Post of Junior Research Fellow (JRF) Job Opening 2026,https://facultytick.com/2026/08/02/indian-institute-of-technology-hyderabad-advertisement-for-the-post-of-junior-research-fellow-jrf-job-opening-2026/,"Sat, 01 Aug 2026 19:02:32 +0000"
2026-08-02T05:57:37.871231+00:00,FacultyTick - Research category,Indian Institute of Management Sambalpur invites applications for two Post-Doctoral positions for the project Job Opening 2026,https://facultytick.com/2026/08/01/indian-institute-of-management-sambalpur-invites-applications-for-two-post-doctoral-positions-for-the-project-job-opening-2026/,"Fri, 31 Jul 2026 19:00:55 +0000"
2026-08-02T05:57:37.871231+00:00,FacultyTick - Research category,Indian Institute of Management (IIM) Bodh Gaya Advertisement for Senior Project Associate/Project Associate Position Job Opportunity 2026,https://facultytick.com/2026/08/01/indian-institute-of-management-iim-bodh-gaya-advertisement-for-senior-project-associate-project-associate-position-job-opportunity-2026/,"Fri, 31 Jul 2026 19:00:54 +0000"
2026-08-02T05:57:37.871231+00:00,FacultyTick - Research category,Advertisement for Position of Senior Research Associate / Research Associate (Contractual) Indian Institute of Management Indore’s,https://facultytick.com/2026/08/01/advertisement-for-position-of-senior-research-associate-research-associate-contractual-indian-institute-of-management-indores/,"Fri, 31 Jul 2026 19:00:54 +0000"
2026-08-02T05:57:37.871231+00:00,FacultyTick - Research category,Indian Institute of Management Jammu (IIMJ) invites applications for research assistant staff for project Job Vacancy 2026,https://facultytick.com/2026/08/01/indian-institute-of-management-jammu-iimj-invites-applications-for-research-assistant-staff-for-project-job-vacancy-2026/,"Fri, 31 Jul 2026 19:00:53 +0000"
2026-08-02T05:57:37.871231+00:00,FacultyTick - Research category,"Indian Institute of Information Technology, Kalyani Advertisement for Junior Research Fellow (JRF) (CSE) Position in a Research Project Job Role 2026",https://facultytick.com/2026/08/01/indian-institute-of-information-technology-kalyani-advertisement-for-junior-research-fellow-jrf-cse-position-in-a-research-project-job-role-2026/,"Fri, 31 Jul 2026 19:00:50 +0000"
2026-08-02T05:57:37.871231+00:00,FacultyTick - Research category,National Institute of Technology Rourkela (NIT Rourkela) Advertisement for Recruitment of Junior Research Fellow (JRF) Job Position 2026,https://facultytick.com/2026/07/30/national-institute-of-technology-rourkela-nit-rourkela-advertisement-for-recruitment-of-junior-research-fellow-jrf-job-position-2026/,"Wed, 29 Jul 2026 19:26:19 +0000"
2026-08-02T05:57:37.871231+00:00,FacultyTick - Research category,Applications are invited from interested candidates for the post of Junior Research Fellow under the below mentioned sanctioned project (ANRF-PMECRG) Job Opportunity 2026,https://facultytick.com/2026/07/30/applications-are-invited-from-interested-candidates-for-the-post-of-junior-research-fellow-under-the-below-mentioned-sanctioned-project-anrf-pmecrg-job-opportunity-2026/,"Wed, 29 Jul 2026 19:26:19 +0000"
2026-08-02T05:57:37.871231+00:00,FacultyTick - Research category,"National Institute of Electronics & Information Technology (NIELIT) Srinagar/Jammu, Srinagar Applications are invited from eligible candidates for engagement of 04 Project Assistants (02 for each project) Job Opportunity 2026",https://facultytick.com/2026/07/30/national-institute-of-electronics-information-technology-nielit-srinagar-jammu-srinagar-applications-are-invited-from-eligible-candidates-for-engagement-of-04-project-assistants-02-for-each-proj/,"Wed, 29 Jul 2026 19:26:17 +0000"
2026-08-02T05:57:37.871231+00:00,FacultyTick - Research category,"National Institute of Technology, Tiruchirappalli Applications are invited from Indian Nationals only for Junior Research Fellow (JRF)/ Project Associate – I Job Positions 2026",https://facultytick.com/2026/07/29/national-institute-of-technology-tiruchirappalli-applications-are-invited-from-indian-nationals-only-for-junior-research-fellow-jrf-project-associate-i-job-positions-2026-2/,"Wed, 29 Jul 2026 16:38:10 +0000"
2026-08-02T05:57:37.871231+00:00,FacultyTick - Research category,National Institute of Technology Raipur Advertisement for the Recruitment of a Research Associate (RA) under an NRSC–ISRO Funded Project through Walk-in Interview 2026-2027,https://facultytick.com/2026/07/29/national-institute-of-technology-raipur-advertisement-for-the-recruitment-of-a-research-associate-ra-under-an-nrsc-isro-funded-project-through-walk-in-interview-2026-2027/,"Wed, 29 Jul 2026 16:37:52 +0000"
2026-08-02T05:57:37.871231+00:00,FacultyTick - Research category,National Institute of Technology Rourkela (NIT Rourkela) Junior Research Fellow (JRF) Job Vacancy 2026,https://facultytick.com/2026/07/29/national-institute-of-technology-rourkela-nit-rourkela-junior-research-fellow-jrf-job-vacancy-2026/,"Wed, 29 Jul 2026 16:37:45 +0000"
2026-08-02T05:57:37.871231+00:00,FacultyTick - Research category,Maulana Azad National Institute of Technology Bhopal Department of Physics Advertisement for Junior Research Fellow (JRF) Job Opportunity 2026,https://facultytick.com/2026/07/29/maulana-azad-national-institute-of-technology-bhopal-department-of-physics-advertisement-for-junior-research-fellow-jrf-job-opportunity-2026/,"Wed, 29 Jul 2026 16:37:23 +0000"
2026-08-02T05:57:37.871231+00:00,FacultyTick - Research category,National Institute of Technology Jamshedpur Advertisement for Junior Research Fellow (JRF) Job Position 2026,https://facultytick.com/2026/07/29/national-institute-of-technology-jamshedpur-advertisement-for-junior-research-fellow-jrf-job-position-2026/,"Wed, 29 Jul 2026 16:37:17 +0000"
2026-08-02T05:57:37.871231+00:00,FacultyTick - Research category,Central University of Haryana Applications are invited for the post of Research Assistant -01 and Field Investigators-02 Job Vacancies 2026,https://facultytick.com/2026/07/29/central-university-of-haryana-applications-are-invited-for-the-post-of-research-assistant-01-and-field-investigators-02-job-vacancies-2026/,"Wed, 29 Jul 2026 16:36:42 +0000"
2026-08-02T05:57:37.871231+00:00,FacultyTick - Research category,Apply Now: Junior Research Fellow at North-Eastern Hill University (NEHU) for 2026 Research Project Job Vacancy,https://facultytick.com/2026/07/29/apply-now-junior-research-fellow-at-north-eastern-hill-university-nehu-for-2026-research-project-job-vacancy/,"Wed, 29 Jul 2026 16:36:36 +0000"
2026-08-02T05:57:37.871231+00:00,IIT Hyderabad - Careers,"Advertisement for the post of JRF in the project 'Matrix inhomogeneity and degradation regulate tissue growth', IIT Hyderabad",https://iith.ac.in/assets/files/careers/staff/Ad_JRF_IITH_CRG_ANRF.pdf,
2026-08-07T04:50:24.984136+00:00,FacultyTick - Research category,"Manipal Academy of Higher Education (MAHE), Manipal invites applications for the position of Junior Research Fellow JobVacancy 2026",https://facultytick.com/2026/08/07/manipal-academy-of-higher-education-mahe-manipal-invites-applications-for-the-position-of-junior-research-fellow-jobvacancy-2026/,"Fri, 07 Aug 2026 01:02:45 +0000"
2026-08-07T04:50:24.984136+00:00,FacultyTick - Research category,Indian Institute of Technology (ISM) Dhanbad Research Assistant position under ICSSR Project Job Position 2026,https://facultytick.com/2026/08/07/indian-institute-of-technology-ism-dhanbad-research-assistant-position-under-icssr-project-job-position-2026-2/,"Fri, 07 Aug 2026 01:02:37 +0000"
2026-08-07T04:50:24.984136+00:00,FacultyTick - Research category,Indian Institute of Technology (ISM) Dhanbad Junior Research Fellow position under ANRF ARG Project Job Position 2026,https://facultytick.com/2026/08/07/indian-institute-of-technology-ism-dhanbad-junior-research-fellow-position-under-anrf-arg-project-job-position-2026/,"Fri, 07 Aug 2026 01:02:35 +0000"
2026-08-07T04:50:24.984136+00:00,FacultyTick - Research category,ABV-Indian Institute of Information Technology & Management Advertisement for the Junior Research Fellow (JRF) Position in the DST-SERB Sponsored Project Job Role 2026,https://facultytick.com/2026/08/06/abv-indian-institute-of-information-technology-management-advertisement-for-the-junior-research-fellow-jrf-position-in-the-dst-serb-sponsored-project-job-role-2026/,"Thu, 06 Aug 2026 01:00:58 +0000"
2026-08-07T04:50:24.984136+00:00,FacultyTick - Research category,Indian Institute of Science Education and Research Thiruvananthapuram Junior Research Fellow (JRF) Job Vacancy 2026,https://facultytick.com/2026/08/06/indian-institute-of-science-education-and-research-thiruvananthapuram-junior-research-fellow-jrf-job-vacancy-2026/,"Thu, 06 Aug 2026 01:00:45 +0000"
2026-08-07T04:50:24.984136+00:00,FacultyTick - Research category,Indian Institute of Science Education and Research (IISER) Bhopal Advertisement for the post of Research Associate Job Opportunity 2026,https://facultytick.com/2026/08/06/indian-institute-of-science-education-and-research-iiser-bhopal-advertisement-for-the-post-of-research-associate-job-opportunity-2026/,"Thu, 06 Aug 2026 01:00:44 +0000"
2026-08-07T04:50:24.984136+00:00,FacultyTick - Research category,Indian Institute of Science Education and Research Bhopal Advertisement for the post of Junior Research Fellow / Project Associate Job Opportunities 2026,https://facultytick.com/2026/08/06/indian-institute-of-science-education-and-research-bhopal-advertisement-for-the-post-of-junior-research-fellow-project-associate-job-opportunities-2026/,"Thu, 06 Aug 2026 01:00:42 +0000"
2026-08-07T04:50:24.984136+00:00,FacultyTick - Research category,Indian Institute of Science Education and Research (IISER) Tirupati Recruitment for the post of “Junior Research Fellow/ Project Associate- I” under DST funded project Job Role 2026,https://facultytick.com/2026/08/06/indian-institute-of-science-education-and-research-iiser-tirupati-recruitment-for-the-post-of-junior-research-fellow-project-associate-i-under-dst-funded-project-job-role-2026/,"Thu, 06 Aug 2026 01:00:39 +0000"
2026-08-07T04:50:24.984136+00:00,FacultyTick - Research category,National Institute of Technology Durgapur Advertisement for the post of Junior Research Fellow (JRF) Job Opening 2026,https://facultytick.com/2026/08/05/national-institute-of-technology-durgapur-advertisement-for-the-post-of-junior-research-fellow-jrf-job-opening-2026/,"Wed, 05 Aug 2026 01:09:21 +0000"
2026-08-07T04:50:24.984136+00:00,FacultyTick - Research category,Sardar Vallabhbhai National Institute of Technology Applications are invited from highly motivated and bright candidates for one position of Junior Research Fellow (JRF),https://facultytick.com/2026/08/05/sardar-vallabhbhai-national-institute-of-technology-applications-are-invited-from-highly-motivated-and-bright-candidates-for-one-position-of-junior-research-fellow-jrf/,"Wed, 05 Aug 2026 01:09:19 +0000"
2026-08-07T04:50:24.984136+00:00,FacultyTick - Research category,NATIONAL INSTITUTE OF TECHNOLOGY DELHI ADVERTISEMENT FOR WALK-IN INTERVIEW FOR JUNIOR RESEARCH FELLOW (JRF),https://facultytick.com/2026/08/05/national-institute-of-technology-delhi-advertisement-for-walk-in-interview-for-junior-research-fellow-jrf/,"Wed, 05 Aug 2026 01:09:17 +0000"
2026-08-07T04:50:24.984136+00:00,FacultyTick - Research category,Visvesvaraya National Institute of Technology (VNIT) Walk In Interview for the Post of Project Associate I / Project Associate II Job Opening 2026,https://facultytick.com/2026/08/05/visvesvaraya-national-institute-of-technology-vnit-walk-in-interview-for-the-post-of-project-associate-i-project-associate-ii-job-opening-2026/,"Wed, 05 Aug 2026 01:09:15 +0000"
2026-08-07T04:50:24.984136+00:00,FacultyTick - Research category,National Institute of Technology Jamshedpur Advertisement for Junior Research Fellow (JRF) Job Position2026,https://facultytick.com/2026/08/05/national-institute-of-technology-jamshedpur-advertisement-for-junior-research-fellow-jrf-job-position2026/,"Wed, 05 Aug 2026 01:09:11 +0000"
2026-08-07T04:50:24.984136+00:00,FacultyTick - Research category,Maulana Azad National Institute of Technology Bhopal Advertisement for Junior Research Fellow (JRF) Job Opportunity 2026,https://facultytick.com/2026/08/05/maulana-azad-national-institute-of-technology-bhopal-advertisement-for-junior-research-fellow-jrf-job-opportunity-2026-2/,"Wed, 05 Aug 2026 01:09:09 +0000"
2026-08-07T04:50:24.984136+00:00,FacultyTick - Research category,NATIONAL INSTITUTE OF TECHNOLOGY PUDUCHERRY ADVERTISEMENT FOR RECRUITMENT OF JRF UNDER INDUSTRY SPONSORED RESEARCH PROJECT JOB VACANCY 2026,https://facultytick.com/2026/08/05/national-institute-of-technology-puducherry-advertisement-for-recruitment-of-jrf-under-industry-sponsored-research-project-job-vacancy-2026/,"Wed, 05 Aug 2026 01:09:07 +0000"
2026-08-07T04:50:24.984136+00:00,FacultyTick - Research category,Apply Now: Junior Research Fellow at National Institute of Technology Warangal (NIT Warangal) – Top Opportunity 2026,https://facultytick.com/2026/08/05/apply-now-junior-research-fellow-at-national-institute-of-technology-warangal-nit-warangal-top-opportunity-2026/,"Wed, 05 Aug 2026 01:09:01 +0000"
2026-08-07T04:50:24.984136+00:00,FacultyTick - Research category,"Apply Now: Junior Research Fellow at National Institute of Technology Warangal (NIT Warangal) – ₹37,000/Month Job opportunity 2026",https://facultytick.com/2026/08/05/apply-now-junior-research-fellow-at-national-institute-of-technology-warangal-nit-warangal-%e2%82%b937000-month-job-opportunity-2026/,"Wed, 05 Aug 2026 01:08:59 +0000"
2026-08-07T04:50:24.984136+00:00,FacultyTick - Research category,North-Eastern Hill University Applications are invited from candidates possessing the required qualifications for a Junior Research Fellow and a Research Associate positions Job 2026,https://facultytick.com/2026/08/05/north-eastern-hill-university-applications-are-invited-from-candidates-possessing-the-required-qualifications-for-a-junior-research-fellow-and-a-research-associate-positions-job-2026/,"Wed, 05 Aug 2026 01:08:56 +0000"
2026-08-07T04:50:24.984136+00:00,FacultyTick - Research category,"Indian Institute of Technology Ropar Applications are invited for a Research Associate (RA) position in the Department of Chemical Engineering, IIT Ropar Job Opening 2026",https://facultytick.com/2026/08/04/indian-institute-of-technology-ropar-applications-are-invited-for-a-research-associate-ra-position-in-the-department-of-chemical-engineering-iit-ropar-job-opening-2026/,"Tue, 04 Aug 2026 00:57:59 +0000"
2026-08-07T04:50:24.984136+00:00,IIT Hyderabad - Careers,"Post-doctoral Research Fellowship (PDF) position at Regenerative medicine & stem cell (RMS) Lab, Dept. of Biomedical Engineering, IIT Hyderabad.",https://iith.ac.in/assets/files/careers/staff/2026-BME-Diabetes_research.pdf,
2026-08-07T04:50:24.984136+00:00,IIT Hyderabad - Careers,"Junior Research Fellowship (JRF) position at Regenerative medicine & stem cell (RMS) Lab, Dept. of Biomedical Engineering, IIT Hyderabad.",https://iith.ac.in/assets/files/careers/staff/2026-BME-JRF_liver-on-chip.pdf,
2026-08-07T04:50:24.984136+00:00,IIT Hyderabad - Careers,"Advertisement for the Post of JRF in ICMR-sponsored project, IIT Hyderabad",https://iith.ac.in/assets/files/careers/staff/JRF_Advt_ICMR_FIW.pdf,
2026-08-07T04:50:24.984136+00:00,NIT Silchar - Recruitment (all),Applications are invited from Indian citizens for Project Associate (PA_I) in the Department of Mechanical Engineering,https://www.nits.ac.in/storage/CareerDocument/Career_6a734aefc8823.pdf,
2026-08-07T04:50:24.984136+00:00,NIT Silchar - Recruitment (all),Applications are invited from Indian citizens for Junior Research Fellow (JRF) in the Department of Electronics & Communication Engineering,https://www.nits.ac.in/storage/CareerDocument/Career_6a72b155e26b7.pdf,
2026-08-07T04:50:24.984136+00:00,NIT Silchar - Recruitment (all),Applications are invited from Indian citizens for Junior Research Fellow (JRF) in the Department of Electrical Engineering,https://www.nits.ac.in/storage/CareerDocument/Career_6a72b126dd6f3.pdf,
2026-08-07T04:50:24.984136+00:00,NIT Silchar - Recruitment (all),Applications are invited from Indian citizens for Project Associate-I in the Department of Mechanical Engineering,https://www.nits.ac.in/storage/CareerDocument/Career_6a72b0f2d721c.pdf,
2026-08-07T04:50:24.984136+00:00,NIT Silchar - Recruitment (all),Applications are invited from Indian citizens for Project Associate –I in the Department of Electronics and Instrumentation Engineering,https://www.nits.ac.in/storage/CareerDocument/Career_6808edc19d993.pdf,
2026-08-07T04:50:24.984136+00:00,NIT Silchar - Recruitment (all),Applications are invited from Indian citizens for Junior Research Fellow and Field Assistant in the Department of Electronics and Communication Engineering,https://www.nits.ac.in/storage/CareerDocument/Career_67effa2b5cf77.pdf,
2026-08-07T04:50:24.984136+00:00,NIT Silchar - Recruitment (all),Applications are invited from Indian citizens for Junior Research Fellow in the Department of Computer Science and Engineering,https://www.nits.ac.in/storage/CareerDocument/Career_67e7467b2761d.pdf,
2026-08-07T04:50:24.984136+00:00,NIT Silchar - Recruitment (all),Applications are invited from Indian citizens for Project Assistant in the Department of Electronics and Instrumentation Engineering,https://www.nits.ac.in/storage/CareerDocument/Career_67e2a8eb14e5b.pdf,
2026-08-07T04:50:24.984136+00:00,NIT Silchar - Recruitment (all),Applications are invited from Indian citizens for Junior Research Fellow in the Department of Civil Engineering NIT Silchar,https://www.nits.ac.in/storage/CareerDocument/Career_67e2a88a6d197.pdf,
2026-08-07T04:50:24.984136+00:00,NIT Silchar - Recruitment (all),Applications are invited from Indian citizens for Research Assistant and Field Investigator in the Department of Humanities and Social Sciences,https://www.nits.ac.in/storage/CareerDocument/Career_67e2a82a54fb4.pdf,
2026-08-07T04:50:24.984136+00:00,NIT Silchar - Recruitment (all),Applications are invited from Indian citizens for Research Assistant in the Department of Humanities and Social Sciences,https://www.nits.ac.in/storage/CareerDocument/Recruitment - Dr. Ujjal Protim Dutta Adv final.pdf,
2026-08-07T04:50:24.984136+00:00,NIT Silchar - Recruitment (all),Applications are invited from Indian citizens for Project Assistant Field Worker in the Department of Civil Engineering,https://www.nits.ac.in/storage/CareerDocument/Advertisement for Project Assistant.pdf,
2026-08-07T04:50:24.984136+00:00,NIT Silchar - Recruitment (all),Applications are invited from Indian citizens for Project Associate â€“I in the Department of Mechanical Engineering,https://www.nits.ac.in/storage/CareerDocument/Project Associate I Advertisement 4.pdf,
2026-08-07T04:50:24.984136+00:00,NIT Silchar - Recruitment (all),Applications are invited from Indian citizens for Project Associate â€“I in the Department of Electronics and Instrumentation Engineering,https://www.nits.ac.in/notices/2025/Project Associate I-recruitment_advertisement_Jan 2025,
2026-08-07T04:50:24.984136+00:00,NIT Silchar - Recruitment (all),Applications are invited from Indian citizens for Project Associate-I in the Department of Electronics and Instrumentation Engineering NIT Silchar,https://www.nits.ac.in/storage/CareerDocument/Recruitment_Ad-Project Assocate I.pdf,
2026-08-07T04:50:24.984136+00:00,NIT Silchar - Recruitment (all),Applications are invited from Indian citizens for Project Associate I in the Department of Civil Engineering,https://www.nits.ac.in/storage/CareerDocument/Advertisement_PA1 Dr. Jyotirmoy Haloi.pdf,
2026-08-07T04:50:24.984136+00:00,NIT Silchar - Recruitment (all),Applications are invited from Indian citizens for Junior Research Fellow (JRF) in the Department of Management Studies,https://www.nits.ac.in/storage/CareerDocument/DST  Project Advertisement Dr. Saurabh Verma.pdf,
2026-08-07T04:50:24.984136+00:00,NIT Silchar - Recruitment (all),Applications are invited from Indian citizens for Junior Research Fellow (JRF)in the Department of ECE,https://www.nits.ac.in/storage/CareerDocument/Advt JRF Dr. Chandrajit Choudhury..pdf,
2026-08-07T04:50:24.984136+00:00,NIT Silchar - Recruitment (all),Applications are invited from Indian citizens for (01) Research Assistant and two (02) Field Investigators in the Department of MS,https://www.nits.ac.in/storage/CareerDocument/Recruitment - Dr. Dibya Nandan Mishra.pdf,
2026-08-07T04:50:24.984136+00:00,NIT Silchar - Recruitment (all),Applications are invited from Indian citizens for Project Associate I (PA-I) in the Department of EE,https://www.nits.ac.in/storage/CareerDocument/Advirtisement_PA-I_Prasanta.pdf,
2026-08-07T04:50:24.984136+00:00,NIT Silchar - Recruitment (all),Applications are invited from Indian citizens for Project Associate I (PA-I) in the Department of ME,https://www.nits.ac.in/storage/CareerDocument/1. advt. new_Project Associate I Dr Sudip Dey.pdf,
2026-08-07T04:50:24.984136+00:00,NIT Silchar - Recruitment (all),Applications are invited from Indian citizens for Junior Research Fellow (JRF) in the Department of CE,https://www.nits.ac.in/storage/CareerDocument/1. advt. _JRF_Dr. Susmita.pdf,
2026-08-07T04:50:24.984136+00:00,NIT Silchar - Recruitment (all),"Applications are invited from Indian citizens for the post of Junior Research Fellow (JRF) in the Department of Electronics & Communication Engineering, NIT Silchar, Assam",https://www.nits.ac.in/storage/CareerDocument/JRF_ECE_Guha.pdf,
2026-08-07T04:50:24.984136+00:00,NIT Silchar - Recruitment (all),Applications are invited from Indian citizens for Project Associate I (PA-I) in the Department of ECE NIT Silchar.,https://www.nits.ac.in/storage/CareerDocument/Advt template (PA-I).pdf,
2026-08-07T04:50:24.984136+00:00,NIT Silchar - Recruitment (all),Applications are invited from Indian citizens for Project Associate I (PA-I) or Project Associate I (PA-II)in the Department of ME,https://www.nits.ac.in/storage/CareerDocument/Advt_template_S_Halder_advertishment_CRG_2024_R4.pdf,
2026-08-07T04:50:24.984136+00:00,NIT Silchar - Recruitment (all),Applications are invited from Indian citizens for Project Associate I (PA-I) in the Department of ME,https://www.nits.ac.in/storage/CareerDocument/Application_PA.pdf,
2026-08-07T04:50:24.984136+00:00,NIT Silchar - Recruitment (all),Applications are invited from Indian citizens for Junior Research Fellow (JRF) in the Department of EE,https://www.nits.ac.in/storage/CareerDocument/JRF Recruitment Advertisement_7th_for TIH_IITG.pdf,
2026-08-07T04:50:24.984136+00:00,NIT Silchar - Recruitment (all),Applications are invited from Indian citizens for Junior Research Fellow (JRF) in the Department of CSE,https://www.nits.ac.in/storage/CareerDocument/Advertisement of JRF Lip-Sync Project - Dr. Partha Pakray.pdf,
2026-08-07T04:50:24.984136+00:00,NIT Silchar - Recruitment (all),Applications are invited from Indian citizens for Project Associate-I (PA) in the Department of ECE,https://www.nits.ac.in/storage/CareerDocument/PA1_ECE_C2S_PROJECT_MeitY_1.pdf,
2026-08-07T04:50:24.984136+00:00,NIT Silchar - Recruitment (all),Applications are invited from Indian citizens for Junior Research Fellow (JRF) in the Department of ME,https://www.nits.ac.in/storage/CareerDocument/Advt JRF Dr. Sudipta Halder.pdf,
2026-08-07T04:50:24.984136+00:00,NIT Silchar - Recruitment (all),Applications are invited from Indian citizens for Junior Research Fellow (JRF) in the Department of ECE,https://www.nits.ac.in/storage/CareerDocument/JRF_DBT.pdf,
2026-08-07T04:50:24.984136+00:00,NIT Silchar - Recruitment (all),Applications are invited from Indian citizens for Junior Research Fellow (JRF) in the Department of CE,https://www.nits.ac.in/storage/CareerDocument/advt JRF.pdf,
2026-08-07T04:50:24.984136+00:00,NIT Silchar - Recruitment (all),Extension of Applications are invited from Indian citizens for Junior Research Fellow (JRF) in the Department of ME,https://www.nits.ac.in/storage/CareerDocument/Extension_Advertishment EEQ 2024.pdf,
2026-08-07T04:50:24.984136+00:00,NIT Silchar - Recruitment (all),Applications are invited from Indian citizens for Project Associate-I (PA) in the Department of ECE,https://www.nits.ac.in/storage/CareerDocument/PA1_ECE_C2S_PROJECT_MeitY.pdf,
2026-08-07T04:50:24.984136+00:00,NIT Silchar - Recruitment (all),Applications are invited from Indian citizens for Junior Research Fellow (JRF) in the Department of EE,https://www.nits.ac.in/storage/CareerDocument/JRF Recruitment Advertisement_6th_for TIH_IITG_Prof. Binoy Krishna Roy.pdf,
2026-08-07T04:50:24.984136+00:00,NIT Silchar - Recruitment (all),Extension of Applications are invited from Indian citizens for Junior Research Fellow (JRF) in the Department of ME NIT Silchar,https://www.nits.ac.in/storage/CareerDocument/Advertishment CRG_ Dr. Sudipta Halder.pdf,
2026-08-07T04:50:24.984136+00:00,NIT Silchar - Recruitment (all),Applications are invited from Indian citizens for Junior Research Fellow (JRF) in the Department of ME NIT Silchar.,https://www.nits.ac.in/storage/CareerDocument/Advt template S Halder advertishment EEQ 2024.pdf,
2026-08-07T04:50:24.984136+00:00,NIT Silchar - Recruitment (all),Applications are invited from Indian citizens for Junior Research Fellow (JRF) in the Department of ME NIT Silchar.,https://www.nits.ac.in/storage/CareerDocument/Advertishment NMHS 2024.pdf,
2026-08-07T04:50:24.984136+00:00,NIT Silchar - Recruitment (all),Applications are invited from Indian citizens for Junior Research Fellow (JRF) in the Department of CE,https://www.nits.ac.in/storage/CareerDocument/Adversement 06.06.24 Dr. Debjit Bhowmik.pdf,
2026-08-07T04:50:24.984136+00:00,NIT Silchar - Recruitment (all),Extension of Applications are invited from Indian citizens for Junior Research Fellow (JRF) in the Department of Civil Engineering,https://www.nits.ac.in/storage/CareerDocument/Extension _Advertisement JRF Dr. Jyotirmoy Haloi.pdf,
2026-08-07T04:50:24.984136+00:00,NIT Silchar - Recruitment (all),Applications are invited from Indian citizens for Junior Research Fellow (JRF) in the Department of CSE,https://www.nits.ac.in/storage/CareerDocument/Advertisement of JRF Lip-Sync Project Dr. Partha Pakray.pdf,
2026-08-07T04:50:24.984136+00:00,NIT Silchar - Recruitment (all),Applications are invited from Indian citizens for Junior Research Fellow (JRF) in the Department of EE,https://www.nits.ac.in/storage/CareerDocument/Advertisement_5th_for TIH_IITG_JRF Recruitment Prof. Binoy Krishna Roy.pdf,
2026-08-07T04:50:24.984136+00:00,NIT Silchar - Recruitment (all),Applications are invited from Indian citizens for Junior Research Fellow (JRF) in the Department of ME,https://www.nits.ac.in/storage/CareerDocument/Advertishment CRG _ Dr. Sudipta Halder.pdf,
2026-08-07T04:50:24.984136+00:00,NIT Silchar - Recruitment (all),Applications are invited from Indian citizens for Junior Research Fellow (JRF) in the Department of ME,https://www.nits.ac.in/storage/CareerDocument/Application_JRF_Dr. Binita Nath.pdf,
2026-08-07T04:50:24.984136+00:00,NIT Silchar - Recruitment (all),Applications are invited from Indian citizens for Junior Research Fellow (JRF) in the Department of CE,https://www.nits.ac.in/storage/CareerDocument/Advertisement JRF_Dr. Jyotirmoy Haloi.pdf,
2026-08-07T04:50:24.984136+00:00,NIT Silchar - Recruitment (all),Applications are invited from Indian citizens for Project Associate-I in the Department of ECE,https://www.nits.ac.in/storage/CareerDocument/Advt for PA-I_ Dr. Arun Kumar.pdf,
2026-08-07T04:50:24.984136+00:00,NIT Silchar - Recruitment (all),Applications are invited from Indian citizens for Junior Research Fellow (JRF) in the Department of CE,"https://www.nits.ac.in/storage/CareerDocument/JRF Advertisement Dr. Amit Kumar Das,.pdf",
2026-08-07T04:50:24.984136+00:00,NIT Silchar - Recruitment (all),Applications are invited from Indian citizens for Project Associate-I in the Department of EIE,https://www.nits.ac.in/storage/CareerDocument/PA Advertisement extended - Dr. Shivendra Kumar Pandey.pdf,
2026-08-07T04:50:24.984136+00:00,NIT Silchar - Recruitment (all),Applications are invited from Indian citizens for Junior Research Fellow (JRF) in the Department of CSE,https://www.nits.ac.in/storage/CareerDocument/Advertisement of JRF Lip-Sync Project  Dr. Partha Pakray extended.pdf,
2026-08-07T04:50:24.984136+00:00,NIT Silchar - Recruitment (all),Applications are invited from Indian citizens for Project Associate-I in the Department of ECE,"https://www.nits.ac.in/storage/CareerDocument/Project Associate-I for the DST-SERB, Dr. Ram Kumar Karsh.pdf",
2026-08-07T04:50:24.984136+00:00,NIT Silchar - Recruitment (all),Applications are invited from Indian citizens for Junior Research Fellow JRF in the Department of ME,https://www.nits.ac.in/storage/CareerDocument/Junior Research Fellow (JRF) Dr. Sudipta Halder.pdf,
2026-08-07T04:50:24.984136+00:00,NIT Silchar - Recruitment (all),Applications are invited from Indian citizens for Junior Research Fellow JRF in the Department of ME,https://www.nits.ac.in/storage/CareerDocument/Application JRF Dr. Binita Nath.pdf,
2026-08-07T04:50:24.984136+00:00,NIT Silchar - Recruitment (all),Applications are invited from Indian citizens for Project Associate-I in the Department of EIE,https://www.nits.ac.in/storage/CareerDocument/PA Advertisement - Dr. Shivendra Kumar Pandey.pdf,
2026-08-07T04:50:24.984136+00:00,NIT Silchar - Recruitment (all),Applications are invited from Indian citizens for Junior Research Fellow (JRF) in the Department of CE,https://www.nits.ac.in/storage/CareerDocument/Junior Research Fellow for a DST-SERB (SRG) sponsored project Dr. Jyotirmoy Haloi.pdf,
2026-08-07T04:50:24.984136+00:00,NIT Silchar - Recruitment (all),Applications are invited from Indian citizens for Junior Research Fellow (JRF) in the Department of CSE,https://www.nits.ac.in/storage/CareerDocument/Advertisement of JRF Lip-Sync Project  Dr. Partha Pakray.pdf,
2026-08-07T04:50:24.984136+00:00,NIT Silchar - Recruitment (all),Applications are invited from Indian citizens for Junior Research Fellow (JRF) in the Department of Chemistry,https://www.nits.ac.in/storage/CareerDocument/JRF_ Recruitment Dept.of Chemistry Dr. Samuel Lalthazuala Rokhum.pdf,
2026-08-07T04:50:24.984136+00:00,NIT Silchar - Recruitment (all),Applications are invited from Indian citizens for Junior Research Fellow (JRF) in the Department of Mechanical Engineering,https://www.nits.ac.in/storage/CareerDocument/Junior Research Fellow Dr. Sudipta Halder.pdf,
2026-08-07T04:50:24.984136+00:00,NIT Silchar - Recruitment (all),Applications are invited from Indian citizens for Junior Research Fellow (JRF) in the Department of Chemistry,https://www.nits.ac.in/storage/CareerDocument/CSIR-JRF Advertisement.pdf,
2026-08-07T04:50:24.984136+00:00,NIT Silchar - Recruitment (all),Applications are invited from Indian citizens for Project Associate-II in the Department of EIE,https://www.nits.ac.in/storage/CareerDocument/PA Advertisement Dr. Ranjay Hazra.pdf,
2026-08-07T04:50:24.984136+00:00,NIT Silchar - Recruitment (all),Applications are invited from Indian citizens for Junior Research Fellow in the Department of Electrical Engineering,https://www.nits.ac.in/storage/CareerDocument/JRF Recruitment Advertisement_4th_for TIH_IITG.pdf,
2026-08-07T04:50:24.984136+00:00,NIT Silchar - Recruitment (all),Applications are invited from Indian citizens for Project Associate â€“I in the Department of Electronics and Communication Engineering,https://www.nits.ac.in/storage/CareerDocument/Project Associate-I Dr. Ram Kumar Karsh.pdf,
2026-08-07T04:50:24.984136+00:00,NIT Silchar - Recruitment (all),Applications are invited from Indian citizens for Project Associate â€“I in the Department of Electronics and Instrumentation Engineering,https://www.nits.ac.in/storage/CareerDocument/Project Associate I-recruitment_advertisement_February 2024 Dr. Munmun Khanra.pdf,
2026-08-07T04:50:24.984136+00:00,NIT Silchar - Recruitment (all),Applications are invited from Indian citizens for Junior Research Fellow (JRF) in the Department of Mathematics,https://www.nits.ac.in/storage/CareerDocument/Junior Research Fellow (JRF) for NBHM Dr. Santan Kumar.pdf,
2026-08-07T04:50:24.984136+00:00,NIT Silchar - Recruitment (all),Applications are invited from Indian citizens for Junior Research Fellow (JRF) in the Department of Computer Science and Engineering,https://www.nits.ac.in/storage/CareerDocument/Advertisement of JRF Lip-Sync Project Partha Pakray .pdf,
2026-08-07T04:50:24.984136+00:00,NIT Silchar - Recruitment (all),Applications are invited from Indian citizens for Junior Research Fellow (JRF) in the Department of Electrical Engineering,https://www.nits.ac.in/storage/CareerDocument/JRF_DST_Project_India_EU.pdf,
2026-08-07T04:50:24.984136+00:00,NIT Silchar - Recruitment (all),Applications are invited from Indian citizens for a temporary post of Junior Research Fellow (JRF) for SERB sponsored project in the Department of ECE,https://www.nits.ac.in/storage/CareerDocument/Applications are invited from Indian citizens for a temporary post of Junior Research Fellow (JRF) for SERB sponsored project in the Department of ECE.pdf,
2026-08-07T04:50:24.984136+00:00,NIT Silchar - Recruitment (all),"Applications are invited from Indian citizens for a temporary of post of Project Associate I for the SERB-CRG, sponsored project in the Department of ECE",https://www.nits.ac.in/storage/CareerDocument/Project Associate I Advertisement Dr. Tripti Goel.pdf,
2026-08-07T04:50:24.984136+00:00,NIT Silchar - Recruitment (all),"Applications are invited from Indian citizens for a temporary post of Project Associate-I (PA-I) for the SERB CRG, sponsored project in the Department of ECE",https://www.nits.ac.in/storage/CareerDocument/Project Associate I Dr.Gaurav Singh Baghel.pdf,
2026-08-07T04:50:24.984136+00:00,NIT Silchar - Recruitment (all),Applications are invited from Indian citizens for Junior Research Fellow in the Department of Civil Engineering NIT Silchar Dr. Susmita Ghosh,https://www.nits.ac.in/storage/CareerDocument/Applications are invited from Indian citizens for Junior Research Fellow in the Department of Civil Engineering NIT Silchar Dr. Susmita Ghosh.pdf,
2026-08-07T04:50:24.984136+00:00,NIT Silchar - Recruitment (all),Applications are invited from Indian citizens for Junior Research Fellow in the Department of Civil Engineering NIT Silchar,https://www.nits.ac.in/storage/CareerDocument/Junior Research Fellow in the Department of Civil Engineering NIT Silchar 2024.pdf,
2026-08-07T04:50:24.984136+00:00,NIT Silchar - Recruitment (all),Applications are invited from Indian citizens for Project Associate I (PA I) in the Department of ECE NIT Silchar.,https://www.nits.ac.in/storage/CareerDocument/Advertisement_PA_1_C2S_1.pdf,
2026-08-07T04:50:24.984136+00:00,NIT Silchar - Recruitment (all),Applications are invited from Indian citizens for Junior Research Fellow (JRF) in the Department of ECE NIT Silchar,https://www.nits.ac.in/storage/CareerDocument/Advt template (JRF).pdf,
2026-08-07T04:50:24.984136+00:00,NIT Silchar - Recruitment (all),Applications are invited from Indian citizens for Research Assistant (One) and Field Investigator (One) in the Department of Management Studies S NIT Silchar.,https://www.nits.ac.in/storage/CareerDocument/ICSSR Project Advertisement.pdf,
2026-08-07T04:50:24.984136+00:00,NIT Silchar - Recruitment (all),Applications are invited from Indian citizens for Junior Research Fellow (JRF) in the Department of ECE NIT Silchar,https://www.nits.ac.in/storage/CareerDocument/CSIR Project Adversement.pdf,
2026-08-07T04:50:24.984136+00:00,NIT Silchar - Recruitment (all),"Applications are invited from Indian citizens for Research Assistant in the Department of Management Studies, NIT Silchar",https://www.nits.ac.in/storage/CareerDocument/Advt for Research Assistant.pdf,
2026-08-07T04:50:24.984136+00:00,NIT Silchar - Recruitment (all),Applications are invited from Indian citizens for Project Assistant in the Department of Civil Engineering NIT Silchar,https://www.nits.ac.in/storage/CareerDocument/Advertisement for Project Assistant.pdf,
2026-08-07T04:50:24.984136+00:00,NIT Silchar - Recruitment (all),"Applications are invited from Indian citizens for Project Associate -I for the project \&quot;Estimation of Quantitative Precipitation Errors (QPE) in Southern North East Region, India using Radar Data\&quot; in the Department of Civil Engineering NIT",https://www.nits.ac.in/storage/CareerDocument/Project Associate I.pdf,
2026-08-07T04:50:24.984136+00:00,NIT Silchar - Recruitment (all),Applications are invited from Indian citizens for Project Associate -I in the Department of Civil Engineering NIT Silchar,https://www.nits.ac.in/storage/CareerDocument/Advertisement for recruitment of project staff _CRG DST 2023_5th advertisement.pdf,
2026-08-07T04:50:24.984136+00:00,NIT Silchar - Recruitment (all),Applications are invited from Indian citizens for Project Associate -I and Project Associate -II in the Department of Electronics and Communication Engineering NIT Silchar,"https://www.nits.ac.in/storage/CareerDocument/Advertisement_PA-I,PA-II_updated.pdf",
2026-08-07T04:50:24.984136+00:00,NIT Silchar - Recruitment (all),Re-Advertisement Applications are invited from Indian citizens for Junior Research Fellows (JRF) in the Department of Electrical Engineering,https://www.nits.ac.in/storage/CareerDocument/JRF_Advt_S_Allamsetty_DST_extended.pdf,
2026-08-07T04:50:24.984136+00:00,NIT Silchar - Recruitment (all),Applications are invited from Indian citizens for Junior Research Fellow in the Department of Civil Engineering - Extension of the last date,https://www.nits.ac.in/storage/CareerDocument/Extension JRF  advertisement civil.pdf,
2026-08-07T04:50:24.984136+00:00,NIT Silchar - Recruitment (all),Applications are invited from Indian citizens for Project Associate-I (2 Nos) in MeitY funded project at NIT Silchar,https://www.nits.ac.in/storage/CareerDocument/Project Associate-I_EI.pdf,
2026-08-07T04:50:24.984136+00:00,NIT Silchar - Recruitment (all),"Applications are invited from Indian citizens for Junior Research Fellow in the Department of Civil Engineering, NIT Silchar",https://www.nits.ac.in/storage/CareerDocument/JRF Advertisement Civil Modified.pdf,
2026-08-07T04:50:24.984136+00:00,NIT Silchar - Recruitment (all),"Applications are invited from Indian citizens for Project Associate-I in the Department of Civil Engineering, NIT Silchar",https://www.nits.ac.in/storage/CareerDocument/Advertisement for recruitment of project staff _CRG DST 2023_4th advertisement.pdf,
2026-08-07T04:50:24.984136+00:00,NIT Silchar - Recruitment (all),"Applications are invited from Indian citizens for Project Associate -I in the Department of Mechanical Engineering, NIT Silchar",https://www.nits.ac.in/storage/CareerDocument/PA I_recruitment_advertisement_RNG.pdf,
2026-08-07T04:50:24.984136+00:00,NIT Silchar - Recruitment (all),"Applications are invited from Indian citizens for Junior Research Fellow in the Department of Electrical Engineering, NIT Silchar",https://www.nits.ac.in/storage/CareerDocument/JRF Advt_S_Allamsetty_DST.pdf,
2026-08-07T04:50:24.984136+00:00,NIT Silchar - Recruitment (all),"Extension for Applications are invited from Indian citizens for Project Assistant in the Department of Mechanical Engineering, NIT Silchar",https://www.nits.ac.in/storage/CareerDocument/Project_Assistant_ME.pdf,
2026-08-07T04:50:24.984136+00:00,NIT Silchar - Recruitment (all),Applications are invited from Indian citizens for Project Assistant in the Department of Mechanical Engineering,https://www.nits.ac.in/storage/CareerDocument/Project_Assistant_KVIC_sponsored_project.pdf,
2026-08-07T04:50:24.984136+00:00,NIT Silchar - Recruitment (all),"Applications are invited from Indian citizens for Project Associate -I in the Department of Civil Engineering, NIT Silchar",https://www.nits.ac.in/storage/CareerDocument/Project Associate I_Advertisement.pdf,
2026-08-07T04:50:24.984136+00:00,NIT Silchar - Recruitment (all),"Applications are invited from Indian citizens for Junior Research Fellow (JRF) in the Department of Electronics and Communication Engineering, NIT Silchar",https://www.nits.ac.in/storage/CareerDocument/Advt template_new.pdf,
2026-08-07T04:50:24.984136+00:00,NIT Silchar - Recruitment (all),"Applications are invited from Indian citizens for Junior Research Fellow in the Department of Management Studies, NIT Silchar.",https://www.nits.ac.in/storage/CareerDocument/Project Advertisement_JRF_Verma.pdf,
2026-08-07T04:50:24.984136+00:00,NIT Silchar - Recruitment (all),"Applications are invited from Indian citizens for Project Associate -I in the Department of Civil Engineering, NIT Silchar",https://www.nits.ac.in/storage/CareerDocument/Advertisement for recruitment of project Associate I.pdf,
2026-08-07T04:50:24.984136+00:00,NIT Silchar - Recruitment (all),"Applications are invited from Indian citizens for Junior Research Fellow in the Department of Electronics and Communication Engineering, NIT Silchar.",https://www.nits.ac.in/storage/CareerDocument/Advt. JRF_Ram.pdf,
2026-08-07T04:50:24.984136+00:00,NIT Silchar - Recruitment (all),"Applications are invited from Indian citizens for Project Associate I in the Department of Electronics and Instrumentation Engineering, NIT Silchar.",https://www.nits.ac.in/storage/CareerDocument/Project Associate I-recruitment_advertisement.pdf,
2026-08-07T04:50:24.984136+00:00,NIT Silchar - Recruitment (all),"Applications are invited from Indian citizens for Junior Research Fellow in the Department of Civil Engineering, NIT Silchar.",https://www.nits.ac.in/storage/CareerDocument/02_Advertisement for recruitment of project staff _CRG DST 2023_B S Sil.pdf,
2026-08-07T04:50:24.984136+00:00,NIT Silchar - Recruitment (all),"Applications are invited from Indian citizens for Junior Research Fellow in the Department of Electronics and Communication Engineering, NIT Silchar.",https://www.nits.ac.in/storage/CareerDocument/Advt template JRF_tripti.pdf,
2026-08-07T04:50:24.984136+00:00,NIT Silchar - Recruitment (all),"Applications are invited from Indian citizens for Project Associate I in the Department of Computer Science and Engineering, NIT Silchar",https://www.nits.ac.in/storage/CareerDocument/advertisement PA-I.pdf,
2026-08-07T04:50:24.984136+00:00,NIT Silchar - Recruitment (all),"Applications are invited from Indian citizens for Project Associate I in the Department of Physics, NIT Silchar.",https://www.nits.ac.in/storage/CareerDocument/Recruitment Advertisement_Nair.pdf,
2026-08-07T04:50:24.984136+00:00,NIT Silchar - Recruitment (all),"Applications are invited from Indian citizens for Junior Research Fellow in the Department of Mechanical Engineering, NIT Silchar.",https://www.nits.ac.in/storage/CareerDocument/JRF_recruitment (2023).pdf,
2026-08-07T04:50:24.984136+00:00,NIT Silchar - Recruitment (all),"Applications are invited from Indian citizens for Junior Research Fellow in the Department of Electronics and Communication Engineering, NIT Silchar",https://www.nits.ac.in/storage/CareerDocument/Advt JRF_Chindrajit_New.pdf,
2026-08-07T04:50:24.984136+00:00,NIT Silchar - Recruitment (all),"Applications are invited from Indian citizens for Junior Research Fellow in the Department of Electronics and Instrumentation Engineering, NIT Silchar",https://www.nits.ac.in/storage/CareerDocument/AdvertisementJRF_Ads_Koena.pdf,
2026-08-07T04:50:24.984136+00:00,NIT Silchar - Recruitment (all),Cancelation order of Project Associate -I interview,https://www.nits.ac.in/storage/CareerDocument/Cancellation order of RA.pdf,
2026-08-07T04:50:24.984136+00:00,NIT Silchar - Recruitment (all),"Applications are invited from Indian citizens for Junior Research Fellow in the Department of Computer Science and Engineering, NIT Silchar.",https://www.nits.ac.in/storage/CareerDocument/JRF_recruitment_re-advertisement.pdf,
2026-08-07T04:50:24.984136+00:00,NIT Silchar - Recruitment (all),"Applications are invited from Indian citizens for Project Associate I in the Department of Electrical Engineering, NIT Silchar.",https://www.nits.ac.in/storage/CareerDocument/Project Associate-1 .pdf,
2026-08-07T04:50:24.984136+00:00,NIT Silchar - Recruitment (all),"Applications are invited from Indian citizens for Project Associate-I in the Department of Civil Engineering, NIT Silchar",https://www.nits.ac.in/storage/CareerDocument/1. Advt of PA-I (Dr.N.Debnath).pdf,
2026-08-07T04:50:24.984136+00:00,NIT Silchar - Recruitment (all),"Applications are invited from Indian citizens for Junior Research Fellow in the Department of Electronics and Instrumentation Engineering, NIT Silchar",https://www.nits.ac.in/storage/CareerDocument/JRF_advertisement-EIE.pdf,
2026-08-07T04:50:24.984136+00:00,NIT Silchar - Recruitment (all),"Applications are invited from Indian citizens for Junior Research Fellow in the Department of Electronics and Communication Engineering, NIT Silchar.",https://www.nits.ac.in/storage/CareerDocument/Advt JRF_Chindrajit.pdf,
2026-08-07T04:50:24.984136+00:00,NIT Silchar - Recruitment (all),"Applications are invited from Indian citizens for Project Associate -I in the Department of Electronics and Instrumentation Engineering, NIT Silchar",https://www.nits.ac.in/storage/CareerDocument/Project Associate I-recruitment_advertisement_1.pdf,
2026-08-07T04:50:24.984136+00:00,NIT Silchar - Recruitment (all),"Applications are invited from Indian citizens for Project Associate -I in the Department of Mechanical Engineering, NIT Silchar",https://www.nits.ac.in/storage/CareerDocument/PA I_recruitment_advertisement_RNG.pdf,
2026-08-07T04:50:24.984136+00:00,NIT Silchar - Recruitment (all),"Applications are invited from Indian citizens for JRF in the Department of Mechanical Engineering, NIT Silchar",https://www.nits.ac.in/storage/CareerDocument/JRF_recruitment_advertisement_Yogesh Singh.pdf,
2026-08-07T04:50:24.984136+00:00,NIT Silchar - Recruitment (all),"Applications are invited from Indian citizens for JRF in the Department of Civil Engineering, NIT Silchar",https://www.nits.ac.in/storage/CareerDocument/3. Advt of JRF (Dr.N.Debnath).pdf,
2026-08-07T04:50:24.984136+00:00,NIT Silchar - Recruitment (all),"Applications are invited from Indian citizens for Project Associate I in the Department of Mechanical Engineering, NIT Silchar",https://www.nits.ac.in/storage/CareerDocument/Project Associate-I_recruitment_advertisement.pdf,
2026-08-07T04:50:24.984136+00:00,NIT Silchar - Recruitment (all),"Applications are invited from Indian citizens for Project Associate I in the Department of Mechanical Engineering, NIT Silchar",https://www.nits.ac.in/storage/CareerDocument/Project Associate Advertisement 3.pdf,
2026-08-07T04:50:24.984136+00:00,NIT Silchar - Recruitment (all),"Applications are invited from Indian citizens for Project Associate I in the Department of Computer Science and Engineering, NIT Silchar",https://www.nits.ac.in/storage/CareerDocument/Advertisement of JRF_partha.pdf,
2026-08-07T04:50:24.984136+00:00,NIT Silchar - Recruitment (all),"Applications are invited from Indian citizens for the post of JRF in the Department of Mechanical Engineering, NIT Silchar",https://www.nits.ac.in/storage/CareerDocument/JRF_recruitment_sumita_me.pdf,
2026-08-07T04:50:24.984136+00:00,NIT Silchar - Recruitment (all),"Applications are invited from Indian citizens for the post of JRF in the Department of Civil Engineering, NIT Silchar",https://www.nits.ac.in/storage/CareerDocument/2. Advt of JRF (Dr.N.Debnath).pdf,
2026-08-07T04:50:24.984136+00:00,NIT Silchar - Recruitment (all),"Applications are invited from Indian citizens for the post of JRF in the Department of Mechanical Engineering, NIT Silchar",https://www.nits.ac.in/storage/CareerDocument/JRF_recruitment_advertisement_Yogesh Singh-ME.pdf,
2026-08-07T04:50:24.984136+00:00,NIT Silchar - Recruitment (all),"Applications are invited from Indian citizens for the post of JRF in the Department of Electronics and Communication Engineering, NIT Silchar",https://www.nits.ac.in/storage/CareerDocument/JRF_advertisement_puspa_ece.pdf,
2026-08-07T04:50:24.984136+00:00,NIT Silchar - Recruitment (all),Advertisement for recruitment of JRF in a project in Civil Engineering Department,https://www.nits.ac.in/storage/CareerDocument/Advt of JRF_CE_Debnath.pdf,
2026-08-07T04:50:24.984136+00:00,NIT Silchar - Recruitment (all),Advertisement for the post of Project Assistant in a project in the Department Computer Science & Engineering,https://www.nits.ac.in/storage/CareerDocument/project Assistant_Anupam-cse.pdf,
2026-08-07T04:50:24.984136+00:00,NIT Silchar - Recruitment (all),Advertisement for the post of JRF in a project in the Department Computer Science & Engineering,https://www.nits.ac.in/storage/CareerDocument/Advertisement of JRF-Partha-CSE 2022.pdf,
2026-08-07T04:50:24.984136+00:00,NIT Silchar - Recruitment (all),Advertisement for JRF in a project in E&I Department,https://www.nits.ac.in/storage/CareerDocument/JRF_recruitment_advertisement_MK (1).pdf,
2026-08-07T04:50:24.984136+00:00,NIT Silchar - Recruitment (all),"Applications are invited from Indian citizens for Project Associate I in the Department of Computer Science and Engineering, NIT Silchar",https://www.nits.ac.in/storage/CareerDocument/Advertisement of JRF _partha.pdf,
2026-08-07T04:50:24.984136+00:00,NIT Silchar - Recruitment (all),"Applications are invited from Indian citizens for Project Associate I in the Department of Computer Science and Engineering, NIT Silchar",https://www.nits.ac.in/storage/CareerDocument/Advertisement of JRF PA.pdf,
2026-08-07T04:50:24.984136+00:00,NIT Silchar - Recruitment (all),"Applications are invited from Indian citizens for Junior Research Fellow in the Department of Mechanical Engineering, NIT Silchar",https://www.nits.ac.in/storage/CareerDocument/JRF_advertisement_29-04-2022.pdf,
2026-08-07T04:50:24.984136+00:00,NIT Silchar - Recruitment (all),"Applications are invited from Indian citizens for Junior Research Fellow in the Department of Mechanical Engineering, NIT Silchar",https://www.nits.ac.in/storage/CareerDocument/JRF_recruitment_advertisement_27-04-2022.pdf,
2026-08-07T04:50:24.984136+00:00,NIT Silchar - Recruitment (all),"Applications are invited from Indian citizens for Junior Research Fellow in the Department of Electronics and Communication and Engineering Engineering, NIT Silchar",https://www.nits.ac.in/storage/CareerDocument/JRF_advertisement_puspa.pdf,
2026-08-07T04:50:24.984136+00:00,NIT Silchar - Recruitment (all),"Applications are invited from Indian citizens for Junior Research Fellow in the Department of Computer Science and Engineering Engineering, NIT Silchar",https://www.nits.ac.in/storage/CareerDocument/Advertisement of JRF-CSE .pdf,
2026-08-07T04:50:24.984136+00:00,NIT Silchar - Recruitment (all),"Applications are invited from Indian citizens for Junior Research Fellow in the Department of Computer Science and Engineering Engineering, NIT Silchar",https://www.nits.ac.in/storage/CareerDocument/JRF_recruitment_advertisement_CSE.pdf,
2026-08-07T04:50:24.984136+00:00,NIT Silchar - Recruitment (all),"Applications are invited from Indian citizens for Junior Research fellow in the Department of Mechanical Engineering, NIT Silchar",https://www.nits.ac.in/storage/CareerDocument/JRF_recruitment_advertisement_RNG 2.pdf,
2026-08-07T04:50:24.984136+00:00,NIT Silchar - Recruitment (all),"Applications are invited from Indian citizens for Junior Research Fellow in the Department of Mechanical Engineering, NIT Silchar",https://www.nits.ac.in/storage/CareerDocument/JRF Recruitment_587 JRF.pdf,
2026-08-07T04:50:24.984136+00:00,NIT Silchar - Recruitment (all),"Applications are invited from Indian citizens for Junior Research fellow in the Department of Mechanical Engineering, NIT Silchar",https://www.nits.ac.in/storage/CareerDocument/JRF_recruitment_advertisement_2022.pdf,
2026-08-07T04:50:24.984136+00:00,NIT Silchar - Recruitment (all),"Applications are invited from Indian citizens for Project Assistant in the Department of Computer Science and Engineering, NIT Silchar",https://www.nits.ac.in/storage/CareerDocument/Project Assistant_2022.pdf,
2026-08-07T04:50:24.984136+00:00,NIT Silchar - Recruitment (all),"Applications are invited from Indian citizens for Junior Research fellow in the Department of Mechanical Engineering, NIT Silchar",https://www.nits.ac.in/storage/CareerDocument/JRF_recruitment_advertisement_RNG.pdf,
2026-08-07T04:50:24.984136+00:00,NIT Silchar - Recruitment (all),"Applications are invited from Indian citizens for Junior Research fellow in the Department of Mechanical Engineering, NIT Silchar",https://www.nits.ac.in/storage/CareerDocument/JRF_recruitment_advertisement.pdf,
2026-08-07T04:50:24.984136+00:00,NIT Silchar - Recruitment (all),"Applications are invited from Indian citizens for Junior Research fellow in the Department of Civil Engineering, NIT Silchar",https://www.nits.ac.in/storage/CareerDocument/576.pdf,
2026-08-07T04:50:24.984136+00:00,NIT Silchar - Recruitment (all),"Applications are invited from Indian citizens for Project Assistant in the Department of Electrical Engineering, NIT Silchar",https://www.nits.ac.in/storage/CareerDocument/PA BSc Chem.pdf,
2026-08-07T04:50:24.984136+00:00,NIT Silchar - Recruitment (all),"Applications are invited from Indian citizens for Project Assistant in the Department of Mechanical Engineering, NIT Silchar",https://www.nits.ac.in/storage/CareerDocument/567-2.pdf,
2026-08-07T04:50:24.984136+00:00,NIT Silchar - Recruitment (all),"Applications are invited from Indian citizens for Project Associate-1 in the Department of Electrical Engineering, NIT Silchar",https://www.nits.ac.in/storage/CareerDocument/570-2.pdf,
2026-08-07T04:50:24.984136+00:00,NIT Silchar - Recruitment (all),"Applications are invited from Indian citizens for Junior Research fellow in the Department of Computer Science and Engineering, NIT Silchar",https://www.nits.ac.in/storage/CareerDocument/Advt 1_merged.pdf,
2026-08-07T04:50:24.984136+00:00,NIT Silchar - Recruitment (all),"Applications are invited from Indian citizens for Project Assistant in the Department of Electrical Engineering, NIT Silchar",https://www.nits.ac.in/storage/CareerDocument/Extended 569_notice.pdf,
2026-08-07T04:50:24.984136+00:00,NIT Silchar - Recruitment (all),"Applications are invited from Indian citizens for Junior Research fellow in the Department of Computer Science and Engineering, NIT Silchar",https://www.nits.ac.in/storage/CareerDocument/543-2.pdf,
2026-08-07T04:50:24.984136+00:00,NIT Silchar - Recruitment (all),"Applications are invited from Indian citizens for Project Assistant in the Department of Electrical Engineering, NIT Silchar",https://www.nits.ac.in/storage/CareerDocument/Final PA Chem.pdf,
2026-08-07T04:50:24.984136+00:00,NIT Silchar - Recruitment (all),"Applications are invited from Indian citizens for Project Assistant in the Department of Electrical Engineering, NIT Silchar",https://www.nits.ac.in/storage/CareerDocument/2. Final PA.pdf,
2026-08-07T04:50:24.984136+00:00,NIT Silchar - Recruitment (all),"Applications are invited from Indian citizens for Junior Research fellow in the Department of Electrical Engineering, NIT Silchar",https://www.nits.ac.in/storage/CareerDocument/Final JRF.pdf,
2026-08-07T04:50:24.984136+00:00,NIT Silchar - Recruitment (all),"Applications are invited from Indian citizens for Junior Research fellow in the Department of Electronics and Communication Engineering, NIT Silchar",https://www.nits.ac.in/storage/CareerDocument/F No. 571.pdf,
2026-08-07T04:50:24.984136+00:00,NIT Silchar - Recruitment (all),"Applications are invited from Indian citizens for Junior Research fellow in the Department of Electronics and Communication Engineering, NIT Silchar",https://www.nits.ac.in/storage/CareerDocument/ECE_JRF.pdf,
2026-08-07T04:50:24.984136+00:00,NIT Silchar - Recruitment (all),"Applications are invited from Indian citizens for Junior Research fellow in the Department of Electrical Engineering, NIT Silchar",https://www.nits.ac.in/storage/CareerDocument/570-01.pdf,
2026-08-07T04:50:24.984136+00:00,NIT Silchar - Recruitment (all),"Applications are invited from Indian citizens for Junior Research fellow in the Department of Electronics and Communication Engineering, NIT Silchar",https://www.nits.ac.in/storage/CareerDocument/JRF_Recruitment_Advertisement_PrabinaPattanayak1.pdf,
2026-08-07T04:50:24.984136+00:00,NIT Silchar - Recruitment (all),"Applications are invited from Indian citizens for Junior Research fellow in the Department of Mechanical Engineering, NIT Silchar",https://www.nits.ac.in/storage/CareerDocument/ME_556_03.pdf,
2026-08-07T04:50:24.984136+00:00,NIT Silchar - Recruitment (all),"Applications are invited from Indian citizens for Junior Research fellow in the Department of Computer Science and Engineering, NIT Silchar",https://www.nits.ac.in/storage/CareerDocument/CSE_530_05.pdf,
2026-08-07T04:50:24.984136+00:00,NIT Silchar - Recruitment (all),"Applications are invited from Indian citizens for Project Assistant in the Department of Mechanical Engineering, NIT Silchar",https://www.nits.ac.in/storage/CareerDocument/ME_567_01.pdf,
2026-08-07T04:50:24.984136+00:00,NIT Silchar - Recruitment (all),"Applications are invited from Indian citizens for Junior Research fellow in the Department of Computer Science and Engineering, NIT Silchar",https://www.nits.ac.in/storage/CareerDocument/530-04.pdf,
2026-08-07T04:50:24.984136+00:00,NIT Silchar - Recruitment (all),"Applications are invited from Indian citizens for Project Associate -I (PA-I) in the Department of Electrical Engineering, NIT Silchar",https://www.nits.ac.in/storage/CareerDocument/550 Re.pdf,
2026-08-07T04:50:24.984136+00:00,NIT Silchar - Recruitment (all),"Applications are invited from Indian citizens for Junior Research fellow in the Department of Electronics and Communication Engineering, NIT Silchar.",https://www.nits.ac.in/storage/CareerDocument/JRF_Recruitment_Advertisement_PrabinaPattanayak.pdf,
2026-08-07T04:50:24.984136+00:00,NIT Silchar - Recruitment (all),"Applications are invited from Indian citizens for Junior Research fellow in the Department of Computer Science and Engineering, NIT Silchar.",https://www.nits.ac.in/storage/CareerDocument/530.pdf,
2026-08-07T04:50:24.984136+00:00,NIT Silchar - Recruitment (all),"Applications are invited from Indian citizens for Project Assistant in the Department of Electronics and Communication Engineering, NIT Silchar.",https://www.nits.ac.in/storage/CareerDocument/Re-advt 554.pdf,
2026-08-07T04:50:24.984136+00:00,NIT Silchar - Recruitment (all),"Applications are invited from Indian citizens for Project Assistant in the Department of Mechanical Engineering, NIT Silchar.",https://www.nits.ac.in/storage/CareerDocument/557.pdf,
2026-08-07T04:50:24.984136+00:00,NIT Silchar - Recruitment (all),"Applications are invited from Indian citizens for Junior Research Fellow in the Department of Computer Science and Engineering, NIT Silchar",https://www.nits.ac.in/storage/CareerDocument/530 Re-Advt.pdf,
2026-08-07T04:50:24.984136+00:00,NIT Silchar - Recruitment (all),"Applications are invited from Indian citizens for Junior Research Fellow in the Department of Computer Science and Engineering, NIT Silchar",https://www.nits.ac.in/storage/CareerDocument/JRF.pdf,
2026-08-07T04:50:24.984136+00:00,NIT Silchar - Recruitment (all),"Applications are invited from Indian citizens for Junior Research Fellow in the Department of Electronics and Communication Engineering, NIT Silchar.",https://www.nits.ac.in/storage/CareerDocument/1. 559.pdf,
2026-08-07T04:50:24.984136+00:00,NIT Silchar - Recruitment (all),"Applications are invited from Indian citizens for Project Associate -I (PA-I) in the Department of Electrical Engineering, NIT Silchar.",https://www.nits.ac.in/storage/CareerDocument/550 2 PA.pdf,
2026-08-07T04:50:24.984136+00:00,NIT Silchar - Recruitment (all),"Applications are invited from Indian citizens for Junior Research Fellow in the Department of Mechanical Engineering, NIT Silchar",https://www.nits.ac.in/storage/CareerDocument/Re-Adv.pdf,
2026-08-07T04:50:24.984136+00:00,NIT Silchar - Recruitment (all),"Applications are invited from Indian citizens for Junior Research Fellow in the Department of Mechanical Engineering, NIT Silchar",https://www.nits.ac.in/storage/CareerDocument/556 JRF.pdf,
2026-08-07T04:50:24.984136+00:00,NIT Silchar - Recruitment (all),"Applications are invited from Indian citizens for Junior Research Fellow in the Department of Electronics and Communication Engineering, NIT Silchar.",https://www.nits.ac.in/storage/CareerDocument/Advt + format.pdf,
2026-08-07T04:50:24.984136+00:00,NIT Silchar - Recruitment (all),"Applications are invited from Indian citizens for a temporary post of Project Assistant for the DST sponsored project in the Department of Electronics and Communication Engineering, NIT Silchar.",https://www.nits.ac.in/storage/CareerDocument/PA ECE.pdf,
2026-08-07T04:50:24.984136+00:00,NIT Silchar - Recruitment (all),"Applications are invited from Indian citizens for a temporary post of Junior Research Fellow (JRF) for CSIR sponsored project in the Department of Mechanical Engineering, NIT Silchar",https://www.nits.ac.in/storage/CareerDocument/Advertisement and Application form.pdf,
2026-08-07T04:50:24.984136+00:00,NIT Silchar - Recruitment (all),"Applications are invited from Indian citizens for a temporary of post of Junior Research Fellow (JRF) for the DST sponsored project in the Department of Mechanical Engineering, NIT Silchar",https://www.nits.ac.in/storage/CareerDocument/DST_TMD_Advt_JRF_Re-Advt.pdf,
2026-08-07T04:50:24.984136+00:00,NIT Silchar - Recruitment (all),"Applications are invited from Indian citizens for Project Associate -I (PA-I) in the Department of Electrical Engineering, NIT Silchar.",https://www.nits.ac.in/storage/CareerDocument/PA EE.pdf,
2026-08-07T04:50:24.984136+00:00,NIT Silchar - Recruitment (all),"Applications are invited from Indian citizens for Junior Research Fellow (JRF) in the Department of Electrical Engineering, NIT Silchar.",https://www.nits.ac.in/storage/CareerDocument/JRF EE.pdf,
2026-08-07T04:50:24.984136+00:00,NIT Silchar - Recruitment (all),"Applications are invited from Indian citizens for Project Associate-I (PA-I) in the Department of Mechanical Engineering, NIT Silchar.",https://www.nits.ac.in/storage/CareerDocument/Project Associate for ME.pdf,
2026-08-07T04:50:24.984136+00:00,NIT Silchar - Recruitment (all),Applications are invited from Indian citizens for a temporary post of Junior Research Fellow (JRF) for the DST sponsored project in the Department of Mechanical Engineering NIT Silchar,https://www.nits.ac.in/storage/CareerDocument/JRF ME.pdf,
2026-08-07T04:50:24.984136+00:00,NIT Silchar - Recruitment (all),"Applications are invited from Indian citizens for a temporary of post of Junior Research Fellow (JRF) for the SERB sponsored project in the Department of Mechanical Engineering, NIT Silchar.",https://www.nits.ac.in/storage/CareerDocument/Advt Extended.pdf,
2026-08-07T04:50:24.984136+00:00,NIT Silchar - Recruitment (all),"Applications are invited from Indian citizens for a temporary of post of Junior Research Fellow (JRF) for the DST sponsored project in the Department of Mechanical Engineering, NIT Silchar",https://www.nits.ac.in/storage/CareerDocument/JRF advt_Mech.pdf,
2026-08-07T04:50:24.984136+00:00,NIT Silchar - Recruitment (all),"Applications are invited from Indian citizens for a temporary of post of Junior Research Fellow (JRF) for the DST sponsored project in the Department of Civil Engineering, NIT Silchar",https://www.nits.ac.in/storage/CareerDocument/DST_CE_JRF_546.pdf,
2026-08-07T04:50:24.984136+00:00,NIT Silchar - Recruitment (all),"Applications are invited from Indian citizens for a temporary of post of Junior Research Fellow (JRF) for the SERB sponsored project in the Department of Electrical Engineering, NIT Silchar",https://www.nits.ac.in/storage/CareerDocument/SERB_EE_JRF_550.pdf,
2026-08-07T04:50:24.984136+00:00,NIT Silchar - Recruitment (all),"Applications are invited from Indian citizens for a temporary of post of Research Associate (RA) for the SERB sponsored project in the Department of Electrical Engineering, NIT Silchar",https://www.nits.ac.in/storage/CareerDocument/SERB_EE_RA_550.pdf,
2026-08-07T04:50:24.984136+00:00,NIT Silchar - Recruitment (all),"Applications are invited from Indian citizens for a temporary of post of Junior Research Fellow (JRF) for the SERB sponsored project in the Department of Electrical Engineering, NIT Silchar",https://www.nits.ac.in/storage/CareerDocument/SERB_EE_JRF_549.pdf,
2026-08-07T04:50:24.984136+00:00,NIT Silchar - Recruitment (all),Applications are invited from Indian citizens for the post of Project Assistant for the CSIR sponsored project in the Department of Electronics & Communication Engineering NIT Silchar,https://www.nits.ac.in/storage/CareerDocument/Project Assistant.pdf,
2026-08-07T04:50:24.984136+00:00,NIT Silchar - Recruitment (all),"Applications are invited from Indian citizens for the post of JRF for the DST sponsored project in the Department of Civil Engineering,NIT Silchar",https://www.nits.ac.in/storage/CareerDocument/JRF CE Dept..pdf,
2026-08-07T04:50:24.984136+00:00,NIT Silchar - Recruitment (all),"Applications are invited from Indian citizens for a temporary of post of Junior Research Fellow (JRF) for the SERB-DST sponsored project in the Department of Computer Science and Engineering, NIT Silchar.",https://www.nits.ac.in/storage/CareerDocument/Advertisement dated 16-11-2019.pdf,
2026-08-07T04:50:24.984136+00:00,NIT Silchar - Recruitment (all),Advertisement for SRF position in the Dept. of ECE,https://www.nits.ac.in/storage/CareerDocument/SRF_RHL_2019.pdf,
2026-08-07T04:50:24.984136+00:00,NIT Silchar - Recruitment (all),Walk-in Interview for the post of Project Assistant (in M.E. Dept.) under DST sponsored project (on 25-04-2019),https://www.nits.ac.in/storage/CareerDocument/WalkIn_Interview_25042019_ME_for_ProjectAssist_under_DST.pdf,
2026-08-07T04:50:24.984136+00:00,NIT Silchar - Recruitment (all),Walk-in Interview for the post of JRF (in M.E. Dept.) under DST sponsored project (on 04-03-2019),https://www.nits.ac.in/storage/CareerDocument/WalkIn_Interview_04032019_ME_for_JRF_under_DST.pdf,
2026-08-07T04:50:24.984136+00:00,NIT Silchar - Recruitment (all),Advertisement No. : NITS/Dean (R&C)/ECE/529/Advt. No. 01/2019 for one (01) JRF and one (01) SRF for the SERB- IMPRINT-II sponsored project in the Department of ECE,https://www.nits.ac.in/storage/CareerDocument/JRF SRF Recriutment IMPRINT-II DST-SERB.pdf,
2026-08-07T04:50:24.984136+00:00,NIT Silchar - Recruitment (all),Re-Advertisement for the post of JRF (in Mathematics Dept.) under SERB-DST Project,https://www.nits.ac.in/storage/CareerDocument/JRF Re-Advt alongwith the form.pdf,
2026-08-07T04:50:24.984136+00:00,NIT Silchar - Recruitment (all),Advertisement for the post of JRF (in Mathematics Dept.) under SERB-DST Project,https://www.nits.ac.in/storage/CareerDocument/Advt_for_JRF_Maths_under_SERB_DST_04012019.pdf,
2026-08-07T04:50:24.984136+00:00,NIT Silchar - Recruitment (all),Extension of Last Date of Submission of Application for the post of JRF (in M.E. Dept.) under AR&DB project,https://www.nits.ac.in/storage/CareerDocument/Date_Extension_Advt_for_JRF_ME_under_ARDB_Defence_Minintry_12112018.pdf,
2026-08-07T04:50:24.984136+00:00,NIT Silchar - Recruitment (all),Advertisement for the post of JRF (in C.E. Dept.) under DST-SERB project,https://www.nits.ac.in/storage/CareerDocument/Advt_for_JRF_CE_under_DST_SERB_28112018.pdf,
2026-08-07T04:50:24.984136+00:00,NIT Silchar - Recruitment (all),Advertisement for the post of JRF (in Chemistry Dept.) under DST-SERB project,https://www.nits.ac.in/storage/CareerDocument/Advt_for_JRF_Chem_under_DST_SERB_30112018.pdf,
2026-08-07T04:50:24.984136+00:00,NIT Silchar - Recruitment (all),Advertisement for the post of JRF (in M.E. Dept.) under AR&DB project,https://www.nits.ac.in/storage/CareerDocument/Advt_for_JRF_ME_under_ARDB_Defence_Minintry_12112018.pdf,
2026-08-07T04:50:24.984136+00:00,NIT Silchar - Recruitment (all),Advertisement for the post of JRF (in Physics Dept.) under DST-SERB sponsored Project,https://www.nits.ac.in/storage/CareerDocument/Advt_for_JRF_Phy_under_DST_SERB_23092018.pdf,
2026-08-07T04:50:24.984136+00:00,NIT Silchar - Recruitment (all),Advertisement for the post of JRF (in Chemistry Dept.) under SERB-DST Project,https://www.nits.ac.in/storage/CareerDocument/Advt_for_JRF_Chem_under_SERB_DST_20082018.pdf,
2026-08-07T04:50:24.984136+00:00,NIT Silchar - Recruitment (all),Advertisement for the post of JRF (in M.E. Dept.) under DST (TMD-CERI) project,https://www.nits.ac.in/storage/CareerDocument/Advt_for_JRF_ME_under_DST_TMD_CERI_10082018.pdf,
2026-08-07T04:50:24.984136+00:00,NIT Silchar - Recruitment (all),Walk-in Interview for the post of JRF (in C.E. Dept.) under SERB-DST project (on 08-08-2018),https://www.nits.ac.in/storage/CareerDocument/WalkIn_Interview_08082018_CE_for_JRF_under_SERB_DST.pdf,
2026-08-07T04:50:24.984136+00:00,NIT Silchar - Recruitment (all),Advertisement for the post of Research Associate (in E.C.E. Dept.) under CSIR-EMR II Project,https://www.nits.ac.in/storage/CareerDocument/Advt_for_Research_Associate_ECE_under_CSIR_EMR_II_16072018.pdf,
2026-08-07T04:50:24.984136+00:00,NIT Silchar - Recruitment (all),Advertisement for the post of JRF (in Physics Dept.) under DST sponsored Project,https://www.nits.ac.in/storage/CareerDocument/Advt_for_JRF_Phy_under_DST_05072018.pdf,
2026-08-07T04:50:24.984136+00:00,NIT Silchar - Recruitment (all),Walk-in Interview for the post of JRF (in M.E. Dept.) under DST (TMD-CERI) project (on 21-06-2018),https://www.nits.ac.in/storage/CareerDocument/WalkIn_Interview_21062018_ME_for_JRF_under_DST_TMD_CERI.pdf,
2026-08-07T04:50:24.984136+00:00,NIT Silchar - Recruitment (all),Walk-in Interview for the post of JRF (in C.E. Dept.) under DST-SERB project (on 22-06-2018),https://www.nits.ac.in/storage/CareerDocument/WalkIn_Interview_22062018_CE_for_JRF_under_DST_SERB.pdf,
2026-08-07T04:50:24.984136+00:00,NIT Silchar - Recruitment (all),Walk-in Interview for the post of JRF (in M.E. Dept.) under NMHS project (on 01-07-2018),https://www.nits.ac.in/storage/CareerDocument/WalkIn_Interview_01072018_ME_for_JRF_under_NMHS.pdf,
2026-08-07T04:50:24.984136+00:00,NIT Silchar - Recruitment (all),Advertisement for the post of JRF (in M.E. Dept.) under DST-SERB Project,https://www.nits.ac.in/storage/CareerDocument/Advt_for_JRF_ME_under_DST_SERB_11062018.pdf,
2026-08-07T04:50:24.984136+00:00,NIT Silchar - Recruitment (all),Advertisement for the post of JRF (in C.E. Dept.) under SERB-DST Project,https://www.nits.ac.in/storage/CareerDocument/Advt_for_JRF_CE_under_SERB_DST_18052018.pdf,
2026-08-07T04:50:24.984136+00:00,NIT Silchar - Recruitment (all),Advertisement for the post of Research Associate (in E.C.E. Dept.) under CSIR-EMR II Project,https://www.nits.ac.in/storage/CareerDocument/Advt_for_Research_Associate_ECE_under_CSIR_EMR_II_21052018.pdf,
2026-08-07T04:50:24.984136+00:00,NIT Silchar - Recruitment (all),Advertisement for the post of JRF (in E.C.E. Dept.) under DST-SERB Project,https://www.nits.ac.in/storage/CareerDocument/Advt_for_JRF_ECE_under_DST_SERB_01052018.pdf,
2026-08-07T04:50:24.984136+00:00,NIT Silchar - Recruitment (all),Advertisement for the post of JRF (in M.E. Dept.) under DST (TMD-CERI) Project,https://www.nits.ac.in/storage/CareerDocument/Advt_for_JRF_ME_under_DST_TMD_CERI_30042018.pdf,
2026-08-07T04:50:24.984136+00:00,NIT Silchar - Recruitment (all),Advertisement for the post of JRF (in Chemistry Dept.) under SERB-DST Project,https://www.nits.ac.in/storage/CareerDocument/Advt_for_JRF_Chem_under_SERB_DST_16042018.pdf,
2026-08-07T04:50:24.984136+00:00,NIT Silchar - Recruitment (all),Advertisement for the post of JRF (in M.E. Dept.) under DST-SERB Project,https://www.nits.ac.in/storage/CareerDocument/Advt_for_JRF_ME_under_DST_SERB_15042018.pdf,
2026-08-07T04:50:24.984136+00:00,NIT Silchar - Recruitment (all),Advertisement for the post of JRF (in Mathematics Dept.) under SERB-DST Project,https://www.nits.ac.in/storage/CareerDocument/Advt_for_JRF_Maths_under_SERB_DST_21052018.pdf,
2026-08-07T04:50:24.984136+00:00,NIT Silchar - Recruitment (all),Advertisement for the post of Research Assistant for XRD Central Facility at NIT Silchar,https://www.nits.ac.in/storage/CareerDocument/Advt_for_ResearchAssistant_for_XRD_Central_Facility_03042018.pdf,
2026-08-07T04:50:24.984136+00:00,NIT Silchar - Recruitment (all),Advertisement for the post of Research Associate in ECE Dept. under CSIR-EMR II sponsored project,https://www.nits.ac.in/storage/CareerDocument/Advt_for_Research_Associate_ECE_under_CSIR_EMR_II_23022018.pdf,
2026-08-07T04:50:24.984136+00:00,NIT Silchar - Recruitment (all),Advertisement for the post of JRF (in C.E. Dept.) under SERB-DST sponsored Project,https://www.nits.ac.in/storage/CareerDocument/Advt_for_JRF_CE_under_SERB_DST_25012018.pdf,
2026-08-07T04:50:24.984136+00:00,NIT Silchar - Recruitment (all),Advertisement for the post of JRF (in Physics Dept.) under IUAC-UGC sponsored Project,https://www.nits.ac.in/storage/CareerDocument/Advt_for_JRF_Phy_under_IUAC_UGC_25012018.pdf,
2026-08-07T04:50:24.984136+00:00,NIT Silchar - Recruitment (all),Walk-in Interview for the post of Research Assistant in H.S.S. Dept. under ICSSR sponsored project (on 19-01-2018),https://www.nits.ac.in/storage/CareerDocument/WalkIn_Interview_19012018_HSS_for_ResearchAssistant_under_ICSSR.pdf,
2026-08-07T04:50:24.984136+00:00,NIT Silchar - Recruitment (all),Walk-in Interview for the post of JRF (in C.E. Dept.) under DST-SERB project (on 27-11-2017),https://www.nits.ac.in/storage/CareerDocument/WalkIn_Interview_27112017_CE_for_JRF_under_DST_SERB.pdf,
2026-08-07T04:50:24.984136+00:00,NIT Silchar - Recruitment (all),Walk-in Interview for the post of JRF (in C.E. Dept.) under SERB-DST project (on 24-11-2017),https://www.nits.ac.in/storage/CareerDocument/WalkIn_Interview_24112017_CE_for_JRF_under_SERB_DST.pdf,
2026-08-07T04:50:24.984136+00:00,NIT Silchar - Recruitment (all),Walk-in Interview for the post of Project Assistant (in Chemistry Dept.) under DST-SERB project (on 22-11-2017),https://www.nits.ac.in/storage/CareerDocument/WalkIn_Interview_22112017_Chem_for_ProjAssist_under_DST_SERB.pdf,
2026-08-07T04:50:24.984136+00:00,NIT Silchar - Recruitment (all),Walk-in Interview for the post of JRF (in M.E. Dept.) under CPRI (on 07-11-2017),https://www.nits.ac.in/storage/CareerDocument/WalkIn_Interview_07112017_ME_for_JRF_under_CPRI_MoP.pdf,
2026-08-07T04:50:24.984136+00:00,NIT Silchar - Recruitment (all),Walk-in Interview for the post of Research Assistant in H.S.S. Dept. under ICSSR sponsored project (on 11-08-2017),https://www.nits.ac.in/storage/CareerDocument/WalkIn_Interview_11082017_HSS_for_ResearchAssistant_under_ICSSR.pdf,
2026-08-07T04:50:24.984136+00:00,NIT Silchar - Recruitment (all),Walk-in Interview for the post of Project Assistant in M.E. Dept. under DST-NRDMS project (on 02-08-2017),https://www.nits.ac.in/storage/CareerDocument/WalkIn_Interview_02082017_ME_for_ProjectAssist_under_DST_NRDMS.pdf,
2026-08-07T04:50:24.984136+00:00,NIT Silchar - Recruitment (all),Walk-in Interview for the post of JRF (in C.E. Dept.) under DST-SERB Project (on 07-08-2017),https://www.nits.ac.in/storage/CareerDocument/WalkIn_Interview_07082017_CE_for_JRF_under_DST_SERB.pdf,
2026-08-07T04:50:24.984136+00:00,NIT Silchar - Recruitment (all),Advertisement for the post of JRF (in Mathematics Dept.) under SERB-DST Project titled \&quot;Numerical Study on Electrokinetic flow through Polyelectrolyte coated Nanopore\&quot;,https://www.nits.ac.in/storage/CareerDocument/Advt_for_JRF_Maths_under_SERB_DST_Extended_to_31072017.pdf,
2026-08-07T04:50:24.984136+00:00,NIT Silchar - Recruitment (all),Walk-in Interview for the post of JRF (in M.E. Dept.) under DST-SERB Project (on 31-05-2017),https://www.nits.ac.in/storage/CareerDocument/WalkIn_Interview_31052017_ME_for_JRF_under_DST_SERB.pdf,
2026-08-07T04:50:24.984136+00:00,NIT Silchar - Recruitment (all),Walk-in Interview for the post of JRF (in C.E. Dept.) under DST-SERB Project (on 07-06-2017),https://www.nits.ac.in/storage/CareerDocument/WalkIn_Interview_07062017_CE_for_JRF_under_DST_SERB.pdf,
2026-08-07T04:50:24.984136+00:00,NIT Silchar - Recruitment (all),Walk-in Interview for the post of JRF (in E.C.E. Dept.) under DST-SERB Project (on 15-05-2017),https://www.nits.ac.in/storage/CareerDocument/WalkIn_Interview_15052017_ECE_for_JRF_under_DST_SERB.pdf,
2026-08-07T04:50:24.984136+00:00,NIT Silchar - Recruitment (all),WalkIn Interview for the post of JRF (in Physics Dept.) under DST-SERB Project titled \&quot;Fabrication and Testing of Tandem layered quantum dot sensitized solar cell with elevated absorption\&quot;,https://www.nits.ac.in/storage/CareerDocument/WalkIn_Interview_28022017_Phy_for_JRF_under_DST_SERB.pdf,
2026-08-07T04:50:24.984136+00:00,NIT Silchar - Recruitment (all),Advertisement for the post of JRF (in E.I.E. Dept.) under DST Project titled \&quot;Development of Battery Supercapacitor Hybrid Energy Storage System for Stand-alone Solar Photovoltaic Power System\&quot;,https://www.nits.ac.in/storage/CareerDocument/Advt_for_JRF_EIE_under_DST_20012017.pdf,
2026-08-07T04:50:24.984136+00:00,NIT Silchar - Recruitment (all),WalkIn Interview for the post of SRF (in E.C.E. Dept.) on 20-02-2017 under DAE/BRNS Project (\&quot;Pose Invariant face recognition algorithm development for face based prototype video surveillance system (VSS)\&quot;),https://www.nits.ac.in/storage/CareerDocument/WalkIn_Interview_20022017_ECE_for_SRF_under_DAE_BRNS.pdf,
2026-08-07T04:50:24.984136+00:00,NIT Silchar - Recruitment (all),Walk-in-Interview for the post of Research Assistant under STIS project entitled \&quot;Development of an Integrated Hydrological-Mathematical Model to Determine Flood Discharge in and around Silchar City\&quot; (on 23-09-2016),https://www.nits.ac.in/storage/CareerDocument/WalkIn_Interview_23092016_for_ResearchAssist_under_STIS.pdf,
2026-08-07T04:50:24.984136+00:00,NIT Silchar - Recruitment (all),Walk-in-Interview for the post of JRF (in Chemistry Dept.) on 26-08-2016 under DST-SERB Project (\&quot;Metal Complexes of New Chiral Schiff Bases\&quot;),https://www.nits.ac.in/storage/CareerDocument/WalkIn_Interview_26082016_Chem_for_JRF_under_DST_SERB.pdf,
2026-08-07T04:50:24.984136+00:00,NIT Silchar - Recruitment (all),Walk-in Interview for the post of JRF under STIS project entitled \&quot;Design and Manufacturing of Biomedical Models and Implant using 3D Printing Technology\&quot; (on 30-08-2016),https://www.nits.ac.in/storage/CareerDocument/WalkIn_Interview_30082016_for_JRF_under_STIS.pdf,
2026-08-07T04:50:24.984136+00:00,NIT Silchar - Recruitment (all),Walk-in Interview for the post of Project Assistant under STIS project entitled \&quot;Implementation of a Rainfall Forecasting Model for Silchar Weather Station\&quot; (on 22-08-2016),https://www.nits.ac.in/storage/CareerDocument/WalkIn_Interview_22082016_for_ProjectAssist_Rescheduled_under_STIS.pdf,
2026-08-07T04:50:24.984136+00:00,NIT Silchar - Recruitment (all),Walk-in-Interview for the posts of Project Assistant under STIS project entitled \&quot;Development of android child e-health care system for N-E Region using fuzzy logic\&quot; has been postponed to 16-08-2016 at 12-05 pm,http://www.nits.ac.in/recruitment.php,
2026-08-07T04:50:24.984136+00:00,NIT Silchar - Recruitment (all),Walk-in Interview for the post of Project Assistant under STIS project entitled \&quot;Design of Optimized model of Smokeless Chulha by using Geo-Polymer and Installation for Poor Villagers in NE India\&quot; (on 11-08-2016),https://www.nits.ac.in/storage/CareerDocument/WalkIn_Interview_11082016_for_ProjectAssist_under_STIS.pdf,
2026-08-07T04:50:24.984136+00:00,NIT Silchar - Recruitment (all),Walk-in-Interview for the post of Research Assistant under STIS project entitled \&quot;Development of an Integrated Hydrological-Mathematical Model to Determine Flood Discharge in and around Silchar City\&quot; (on 26-08-2016),https://www.nits.ac.in/storage/CareerDocument/WalkIn_Interview_26082016_for_ResearchAssist_under_STIS.pdf,
2026-08-07T04:50:24.984136+00:00,NIT Silchar - Recruitment (all),Walk-in-Interview for the posts of Project Assistant under STIS project entitled \&quot;Development of android child e-health care system for N-E Region using fuzzy logic\&quot; (on 14-08-2016; POSTPONED to 16-08-2016 at 12-05 pm)),https://www.nits.ac.in/storage/CareerDocument/WalkIn_Interview_14082016_for_ProjectAssist_under_STIS.pdf,
2026-08-07T04:50:24.984136+00:00,NIT Silchar - Recruitment (all),Walk-in-Interview for the post of JRF (in Maths Dept.) on 12-08-2016 under DST-SERB Project,https://www.nits.ac.in/storage/CareerDocument/WalkIn_Interview_12082016_Maths_for_JRF_under_DSTSERB.pdf,
2026-08-07T04:50:24.984136+00:00,NIT Silchar - Recruitment (all),Walk-in-Interview for the post of Research Assistant under STIS project entitled \&quot;Developing Sustainable Financial System of NIT Silchar\&quot; in DoMS (on 28-07-2016),https://www.nits.ac.in/storage/CareerDocument/WalkIn_Interview_28072016_for_ResearchAssist_under_STIS.pdf,
2026-08-07T04:50:24.984136+00:00,NIT Silchar - Recruitment (all),Walk-in-Interview for the post of Project Assistant under STIS project entitled \&quot;Implementation of Smart Card Access Control in Hostels of NIT Silchar\&quot; (on 23-07-2016),https://www.nits.ac.in/storage/CareerDocument/WalkIn_Interview_23072016_for_ProjAssist_under_STIS.pdf,
2026-08-07T04:50:24.984136+00:00,NIT Silchar - Recruitment (all),WalkIn Interview for the post of JRF (in C.E. Dept.) under DST-SERB Project (\&quot;Effect of variations in input-excitation on the performance of limited-sensors based operational modal analysis\&quot;),https://www.nits.ac.in/storage/CareerDocument/WalkIn_Interview_08062016_CE_for_JRF_under_DST_SERB.pdf,
2026-08-07T04:50:24.984136+00:00,NIT Silchar - Recruitment (all),WalkIn Interview for the post of JRF (in Chemistry Dept.) under DST-SERB Project (\&quot;Towards the synthesis of bio-active molecules using SPOS pathways\&quot;),https://www.nits.ac.in/storage/CareerDocument/WalkIn_Interview_30052016_04052016_Chem_for_JRF_under_DST_SERB.pdf,
2026-08-07T04:50:24.984136+00:00,NIT Silchar - Recruitment (all),WalkIn Interview for the post of JRF (in C.E. Dept.) under DST-SERB,https://www.nits.ac.in/storage/CareerDocument/WalkIn_Interview_03062015_CE_for_JRF_under_DST_SERB.pdf,
2026-08-07T04:50:24.984136+00:00,NIT Silchar - Recruitment (all),Applications are invited from Indian citizens for Project Associate (PA_I) in the Department of Mechanical Engineering,https://www.nits.ac.in/storage/CareerDocument/Career_6a734aefc8823.pdf,
2026-08-07T04:50:24.984136+00:00,NIT Silchar - Recruitment (all),Applications are invited from Indian citizens for Junior Research Fellow (JRF) in the Department of Electronics & Communication Engineering,https://www.nits.ac.in/storage/CareerDocument/Career_6a72b155e26b7.pdf,
2026-08-07T04:50:24.984136+00:00,NIT Silchar - Recruitment (all),Applications are invited from Indian citizens for Junior Research Fellow (JRF) in the Department of Electrical Engineering,https://www.nits.ac.in/storage/CareerDocument/Career_6a72b126dd6f3.pdf,
2026-08-07T04:50:24.984136+00:00,NIT Silchar - Recruitment (all),Applications are invited from Indian citizens for Project Associate-I in the Department of Mechanical Engineering,https://www.nits.ac.in/storage/CareerDocument/Career_6a72b0f2d721c.pdf,
2026-08-07T04:50:24.984136+00:00,NIT Silchar - Recruitment (all),Applications are invited from Indian citizens for Project Associate –I in the Department of Electronics and Instrumentation Engineering,https://www.nits.ac.in/storage/CareerDocument/Career_6808edc19d993.pdf,
2026-08-07T04:50:24.984136+00:00,NIT Silchar - Recruitment (all),Applications are invited from Indian citizens for Junior Research Fellow and Field Assistant in the Department of Electronics and Communication Engineering,https://www.nits.ac.in/storage/CareerDocument/Career_67effa2b5cf77.pdf,
2026-08-07T04:50:24.984136+00:00,NIT Silchar - Recruitment (all),Applications are invited from Indian citizens for Junior Research Fellow in the Department of Computer Science and Engineering,https://www.nits.ac.in/storage/CareerDocument/Career_67e7467b2761d.pdf,
2026-08-07T04:50:24.984136+00:00,NIT Silchar - Recruitment (all),Applications are invited from Indian citizens for Project Assistant in the Department of Electronics and Instrumentation Engineering,https://www.nits.ac.in/storage/CareerDocument/Career_67e2a8eb14e5b.pdf,
2026-08-07T04:50:24.984136+00:00,NIT Silchar - Recruitment (all),Applications are invited from Indian citizens for Junior Research Fellow in the Department of Civil Engineering NIT Silchar,https://www.nits.ac.in/storage/CareerDocument/Career_67e2a88a6d197.pdf,
2026-08-07T04:50:24.984136+00:00,NIT Silchar - Recruitment (all),Applications are invited from Indian citizens for Research Assistant and Field Investigator in the Department of Humanities and Social Sciences,https://www.nits.ac.in/storage/CareerDocument/Career_67e2a82a54fb4.pdf,
2026-08-07T04:50:24.984136+00:00,NIT Silchar - Recruitment (all),Applications are invited from Indian citizens for Research Assistant in the Department of Humanities and Social Sciences,https://www.nits.ac.in/storage/CareerDocument/Recruitment - Dr. Ujjal Protim Dutta Adv final.pdf,
2026-08-07T04:50:24.984136+00:00,NIT Silchar - Recruitment (all),Applications are invited from Indian citizens for Project Assistant Field Worker in the Department of Civil Engineering,https://www.nits.ac.in/storage/CareerDocument/Advertisement for Project Assistant.pdf,
2026-08-07T04:50:24.984136+00:00,NIT Silchar - Recruitment (all),Applications are invited from Indian citizens for Project Associate â€“I in the Department of Mechanical Engineering,https://www.nits.ac.in/storage/CareerDocument/Project Associate I Advertisement 4.pdf,
2026-08-07T04:50:24.984136+00:00,NIT Silchar - Recruitment (all),Applications are invited from Indian citizens for Project Associate â€“I in the Department of Electronics and Instrumentation Engineering,https://www.nits.ac.in/notices/2025/Project Associate I-recruitment_advertisement_Jan 2025,
2026-08-07T04:50:24.984136+00:00,NIT Silchar - Recruitment (all),Applications are invited from Indian citizens for Project Associate-I in the Department of Electronics and Instrumentation Engineering NIT Silchar,https://www.nits.ac.in/storage/CareerDocument/Recruitment_Ad-Project Assocate I.pdf,
2026-08-07T04:50:24.984136+00:00,NIT Silchar - Recruitment (all),Applications are invited from Indian citizens for Project Associate I in the Department of Civil Engineering,https://www.nits.ac.in/storage/CareerDocument/Advertisement_PA1 Dr. Jyotirmoy Haloi.pdf,
2026-08-07T04:50:24.984136+00:00,NIT Silchar - Recruitment (all),Applications are invited from Indian citizens for Junior Research Fellow (JRF) in the Department of Management Studies,https://www.nits.ac.in/storage/CareerDocument/DST  Project Advertisement Dr. Saurabh Verma.pdf,
2026-08-07T04:50:24.984136+00:00,NIT Silchar - Recruitment (all),Applications are invited from Indian citizens for Junior Research Fellow (JRF)in the Department of ECE,https://www.nits.ac.in/storage/CareerDocument/Advt JRF Dr. Chandrajit Choudhury..pdf,
2026-08-07T04:50:24.984136+00:00,NIT Silchar - Recruitment (all),Applications are invited from Indian citizens for (01) Research Assistant and two (02) Field Investigators in the Department of MS,https://www.nits.ac.in/storage/CareerDocument/Recruitment - Dr. Dibya Nandan Mishra.pdf,
2026-08-07T04:50:24.984136+00:00,NIT Silchar - Recruitment (all),Applications are invited from Indian citizens for Project Associate I (PA-I) in the Department of EE,https://www.nits.ac.in/storage/CareerDocument/Advirtisement_PA-I_Prasanta.pdf,
2026-08-07T04:50:24.984136+00:00,NIT Silchar - Recruitment (all),Applications are invited from Indian citizens for Project Associate I (PA-I) in the Department of ME,https://www.nits.ac.in/storage/CareerDocument/1. advt. new_Project Associate I Dr Sudip Dey.pdf,
2026-08-07T04:50:24.984136+00:00,NIT Silchar - Recruitment (all),Applications are invited from Indian citizens for Junior Research Fellow (JRF) in the Department of CE,https://www.nits.ac.in/storage/CareerDocument/1. advt. _JRF_Dr. Susmita.pdf,
2026-08-07T04:50:24.984136+00:00,NIT Silchar - Recruitment (all),"Applications are invited from Indian citizens for the post of Junior Research Fellow (JRF) in the Department of Electronics & Communication Engineering, NIT Silchar, Assam",https://www.nits.ac.in/storage/CareerDocument/JRF_ECE_Guha.pdf,
2026-08-07T04:50:24.984136+00:00,NIT Silchar - Recruitment (all),Applications are invited from Indian citizens for Project Associate I (PA-I) in the Department of ECE NIT Silchar.,https://www.nits.ac.in/storage/CareerDocument/Advt template (PA-I).pdf,
2026-08-07T04:50:24.984136+00:00,NIT Silchar - Recruitment (all),Applications are invited from Indian citizens for Project Associate I (PA-I) or Project Associate I (PA-II)in the Department of ME,https://www.nits.ac.in/storage/CareerDocument/Advt_template_S_Halder_advertishment_CRG_2024_R4.pdf,
2026-08-07T04:50:24.984136+00:00,NIT Silchar - Recruitment (all),Applications are invited from Indian citizens for Project Associate I (PA-I) in the Department of ME,https://www.nits.ac.in/storage/CareerDocument/Application_PA.pdf,
2026-08-07T04:50:24.984136+00:00,NIT Silchar - Recruitment (all),Applications are invited from Indian citizens for Junior Research Fellow (JRF) in the Department of EE,https://www.nits.ac.in/storage/CareerDocument/JRF Recruitment Advertisement_7th_for TIH_IITG.pdf,
2026-08-07T04:50:24.984136+00:00,NIT Silchar - Recruitment (all),Applications are invited from Indian citizens for Junior Research Fellow (JRF) in the Department of CSE,https://www.nits.ac.in/storage/CareerDocument/Advertisement of JRF Lip-Sync Project - Dr. Partha Pakray.pdf,
2026-08-07T04:50:24.984136+00:00,NIT Silchar - Recruitment (all),Applications are invited from Indian citizens for Project Associate-I (PA) in the Department of ECE,https://www.nits.ac.in/storage/CareerDocument/PA1_ECE_C2S_PROJECT_MeitY_1.pdf,
2026-08-07T04:50:24.984136+00:00,NIT Silchar - Recruitment (all),Applications are invited from Indian citizens for Junior Research Fellow (JRF) in the Department of ME,https://www.nits.ac.in/storage/CareerDocument/Advt JRF Dr. Sudipta Halder.pdf,
2026-08-07T04:50:24.984136+00:00,NIT Silchar - Recruitment (all),Applications are invited from Indian citizens for Junior Research Fellow (JRF) in the Department of ECE,https://www.nits.ac.in/storage/CareerDocument/JRF_DBT.pdf,
2026-08-07T04:50:24.984136+00:00,NIT Silchar - Recruitment (all),Applications are invited from Indian citizens for Junior Research Fellow (JRF) in the Department of CE,https://www.nits.ac.in/storage/CareerDocument/advt JRF.pdf,
2026-08-07T04:50:24.984136+00:00,NIT Silchar - Recruitment (all),Extension of Applications are invited from Indian citizens for Junior Research Fellow (JRF) in the Department of ME,https://www.nits.ac.in/storage/CareerDocument/Extension_Advertishment EEQ 2024.pdf,
2026-08-07T04:50:24.984136+00:00,NIT Silchar - Recruitment (all),Applications are invited from Indian citizens for Project Associate-I (PA) in the Department of ECE,https://www.nits.ac.in/storage/CareerDocument/PA1_ECE_C2S_PROJECT_MeitY.pdf,
2026-08-07T04:50:24.984136+00:00,NIT Silchar - Recruitment (all),Applications are invited from Indian citizens for Junior Research Fellow (JRF) in the Department of EE,https://www.nits.ac.in/storage/CareerDocument/JRF Recruitment Advertisement_6th_for TIH_IITG_Prof. Binoy Krishna Roy.pdf,
2026-08-07T04:50:24.984136+00:00,NIT Silchar - Recruitment (all),Extension of Applications are invited from Indian citizens for Junior Research Fellow (JRF) in the Department of ME NIT Silchar,https://www.nits.ac.in/storage/CareerDocument/Advertishment CRG_ Dr. Sudipta Halder.pdf,
2026-08-07T04:50:24.984136+00:00,NIT Silchar - Recruitment (all),Applications are invited from Indian citizens for Junior Research Fellow (JRF) in the Department of ME NIT Silchar.,https://www.nits.ac.in/storage/CareerDocument/Advt template S Halder advertishment EEQ 2024.pdf,
2026-08-07T04:50:24.984136+00:00,NIT Silchar - Recruitment (all),Applications are invited from Indian citizens for Junior Research Fellow (JRF) in the Department of ME NIT Silchar.,https://www.nits.ac.in/storage/CareerDocument/Advertishment NMHS 2024.pdf,
2026-08-07T04:50:24.984136+00:00,NIT Silchar - Recruitment (all),Applications are invited from Indian citizens for Junior Research Fellow (JRF) in the Department of CE,https://www.nits.ac.in/storage/CareerDocument/Adversement 06.06.24 Dr. Debjit Bhowmik.pdf,
2026-08-07T04:50:24.984136+00:00,NIT Silchar - Recruitment (all),Extension of Applications are invited from Indian citizens for Junior Research Fellow (JRF) in the Department of Civil Engineering,https://www.nits.ac.in/storage/CareerDocument/Extension _Advertisement JRF Dr. Jyotirmoy Haloi.pdf,
2026-08-07T04:50:24.984136+00:00,NIT Silchar - Recruitment (all),Applications are invited from Indian citizens for Junior Research Fellow (JRF) in the Department of CSE,https://www.nits.ac.in/storage/CareerDocument/Advertisement of JRF Lip-Sync Project Dr. Partha Pakray.pdf,
2026-08-07T04:50:24.984136+00:00,NIT Silchar - Recruitment (all),Applications are invited from Indian citizens for Junior Research Fellow (JRF) in the Department of EE,https://www.nits.ac.in/storage/CareerDocument/Advertisement_5th_for TIH_IITG_JRF Recruitment Prof. Binoy Krishna Roy.pdf,
2026-08-07T04:50:24.984136+00:00,NIT Silchar - Recruitment (all),Applications are invited from Indian citizens for Junior Research Fellow (JRF) in the Department of ME,https://www.nits.ac.in/storage/CareerDocument/Advertishment CRG _ Dr. Sudipta Halder.pdf,
2026-08-07T04:50:24.984136+00:00,NIT Silchar - Recruitment (all),Applications are invited from Indian citizens for Junior Research Fellow (JRF) in the Department of ME,https://www.nits.ac.in/storage/CareerDocument/Application_JRF_Dr. Binita Nath.pdf,
2026-08-07T04:50:24.984136+00:00,NIT Silchar - Recruitment (all),Applications are invited from Indian citizens for Junior Research Fellow (JRF) in the Department of CE,https://www.nits.ac.in/storage/CareerDocument/Advertisement JRF_Dr. Jyotirmoy Haloi.pdf,
2026-08-07T04:50:24.984136+00:00,NIT Silchar - Recruitment (all),Applications are invited from Indian citizens for Project Associate-I in the Department of ECE,https://www.nits.ac.in/storage/CareerDocument/Advt for PA-I_ Dr. Arun Kumar.pdf,
2026-08-07T04:50:24.984136+00:00,NIT Silchar - Recruitment (all),Applications are invited from Indian citizens for Junior Research Fellow (JRF) in the Department of CE,"https://www.nits.ac.in/storage/CareerDocument/JRF Advertisement Dr. Amit Kumar Das,.pdf",
2026-08-07T04:50:24.984136+00:00,NIT Silchar - Recruitment (all),Applications are invited from Indian citizens for Project Associate-I in the Department of EIE,https://www.nits.ac.in/storage/CareerDocument/PA Advertisement extended - Dr. Shivendra Kumar Pandey.pdf,
2026-08-07T04:50:24.984136+00:00,NIT Silchar - Recruitment (all),Applications are invited from Indian citizens for Junior Research Fellow (JRF) in the Department of CSE,https://www.nits.ac.in/storage/CareerDocument/Advertisement of JRF Lip-Sync Project  Dr. Partha Pakray extended.pdf,
2026-08-07T04:50:24.984136+00:00,NIT Silchar - Recruitment (all),Applications are invited from Indian citizens for Project Associate-I in the Department of ECE,"https://www.nits.ac.in/storage/CareerDocument/Project Associate-I for the DST-SERB, Dr. Ram Kumar Karsh.pdf",
2026-08-07T04:50:24.984136+00:00,NIT Silchar - Recruitment (all),Applications are invited from Indian citizens for Junior Research Fellow JRF in the Department of ME,https://www.nits.ac.in/storage/CareerDocument/Junior Research Fellow (JRF) Dr. Sudipta Halder.pdf,
2026-08-07T04:50:24.984136+00:00,NIT Silchar - Recruitment (all),Applications are invited from Indian citizens for Junior Research Fellow JRF in the Department of ME,https://www.nits.ac.in/storage/CareerDocument/Application JRF Dr. Binita Nath.pdf,
2026-08-07T04:50:24.984136+00:00,NIT Silchar - Recruitment (all),Applications are invited from Indian citizens for Project Associate-I in the Department of EIE,https://www.nits.ac.in/storage/CareerDocument/PA Advertisement - Dr. Shivendra Kumar Pandey.pdf,
2026-08-07T04:50:24.984136+00:00,NIT Silchar - Recruitment (all),Applications are invited from Indian citizens for Junior Research Fellow (JRF) in the Department of CE,https://www.nits.ac.in/storage/CareerDocument/Junior Research Fellow for a DST-SERB (SRG) sponsored project Dr. Jyotirmoy Haloi.pdf,
2026-08-07T04:50:24.984136+00:00,NIT Silchar - Recruitment (all),Applications are invited from Indian citizens for Junior Research Fellow (JRF) in the Department of CSE,https://www.nits.ac.in/storage/CareerDocument/Advertisement of JRF Lip-Sync Project  Dr. Partha Pakray.pdf,
2026-08-07T04:50:24.984136+00:00,NIT Silchar - Recruitment (all),Applications are invited from Indian citizens for Junior Research Fellow (JRF) in the Department of Chemistry,https://www.nits.ac.in/storage/CareerDocument/JRF_ Recruitment Dept.of Chemistry Dr. Samuel Lalthazuala Rokhum.pdf,
2026-08-07T04:50:24.984136+00:00,NIT Silchar - Recruitment (all),Applications are invited from Indian citizens for Junior Research Fellow (JRF) in the Department of Mechanical Engineering,https://www.nits.ac.in/storage/CareerDocument/Junior Research Fellow Dr. Sudipta Halder.pdf,
2026-08-07T04:50:24.984136+00:00,NIT Silchar - Recruitment (all),Applications are invited from Indian citizens for Junior Research Fellow (JRF) in the Department of Chemistry,https://www.nits.ac.in/storage/CareerDocument/CSIR-JRF Advertisement.pdf,
2026-08-07T04:50:24.984136+00:00,NIT Silchar - Recruitment (all),Applications are invited from Indian citizens for Project Associate-II in the Department of EIE,https://www.nits.ac.in/storage/CareerDocument/PA Advertisement Dr. Ranjay Hazra.pdf,
2026-08-07T04:50:24.984136+00:00,NIT Silchar - Recruitment (all),Applications are invited from Indian citizens for Junior Research Fellow in the Department of Electrical Engineering,https://www.nits.ac.in/storage/CareerDocument/JRF Recruitment Advertisement_4th_for TIH_IITG.pdf,
2026-08-07T04:50:24.984136+00:00,NIT Silchar - Recruitment (all),Applications are invited from Indian citizens for Project Associate â€“I in the Department of Electronics and Communication Engineering,https://www.nits.ac.in/storage/CareerDocument/Project Associate-I Dr. Ram Kumar Karsh.pdf,
2026-08-07T04:50:24.984136+00:00,NIT Silchar - Recruitment (all),Applications are invited from Indian citizens for Project Associate â€“I in the Department of Electronics and Instrumentation Engineering,https://www.nits.ac.in/storage/CareerDocument/Project Associate I-recruitment_advertisement_February 2024 Dr. Munmun Khanra.pdf,
2026-08-07T04:50:24.984136+00:00,NIT Silchar - Recruitment (all),Applications are invited from Indian citizens for Junior Research Fellow (JRF) in the Department of Mathematics,https://www.nits.ac.in/storage/CareerDocument/Junior Research Fellow (JRF) for NBHM Dr. Santan Kumar.pdf,
2026-08-07T04:50:24.984136+00:00,NIT Silchar - Recruitment (all),Applications are invited from Indian citizens for Junior Research Fellow (JRF) in the Department of Computer Science and Engineering,https://www.nits.ac.in/storage/CareerDocument/Advertisement of JRF Lip-Sync Project Partha Pakray .pdf,
2026-08-07T04:50:24.984136+00:00,NIT Silchar - Recruitment (all),Applications are invited from Indian citizens for Junior Research Fellow (JRF) in the Department of Electrical Engineering,https://www.nits.ac.in/storage/CareerDocument/JRF_DST_Project_India_EU.pdf,
2026-08-07T04:50:24.984136+00:00,NIT Silchar - Recruitment (all),Applications are invited from Indian citizens for a temporary post of Junior Research Fellow (JRF) for SERB sponsored project in the Department of ECE,https://www.nits.ac.in/storage/CareerDocument/Applications are invited from Indian citizens for a temporary post of Junior Research Fellow (JRF) for SERB sponsored project in the Department of ECE.pdf,
2026-08-07T04:50:24.984136+00:00,NIT Silchar - Recruitment (all),"Applications are invited from Indian citizens for a temporary of post of Project Associate I for the SERB-CRG, sponsored project in the Department of ECE",https://www.nits.ac.in/storage/CareerDocument/Project Associate I Advertisement Dr. Tripti Goel.pdf,
2026-08-07T04:50:24.984136+00:00,NIT Silchar - Recruitment (all),"Applications are invited from Indian citizens for a temporary post of Project Associate-I (PA-I) for the SERB CRG, sponsored project in the Department of ECE",https://www.nits.ac.in/storage/CareerDocument/Project Associate I Dr.Gaurav Singh Baghel.pdf,
2026-08-07T04:50:24.984136+00:00,NIT Silchar - Recruitment (all),Applications are invited from Indian citizens for Junior Research Fellow in the Department of Civil Engineering NIT Silchar Dr. Susmita Ghosh,https://www.nits.ac.in/storage/CareerDocument/Applications are invited from Indian citizens for Junior Research Fellow in the Department of Civil Engineering NIT Silchar Dr. Susmita Ghosh.pdf,
2026-08-07T04:50:24.984136+00:00,NIT Silchar - Recruitment (all),Applications are invited from Indian citizens for Junior Research Fellow in the Department of Civil Engineering NIT Silchar,https://www.nits.ac.in/storage/CareerDocument/Junior Research Fellow in the Department of Civil Engineering NIT Silchar 2024.pdf,
2026-08-07T04:50:24.984136+00:00,NIT Silchar - Recruitment (all),Applications are invited from Indian citizens for Project Associate I (PA I) in the Department of ECE NIT Silchar.,https://www.nits.ac.in/storage/CareerDocument/Advertisement_PA_1_C2S_1.pdf,
2026-08-07T04:50:24.984136+00:00,NIT Silchar - Recruitment (all),Applications are invited from Indian citizens for Junior Research Fellow (JRF) in the Department of ECE NIT Silchar,https://www.nits.ac.in/storage/CareerDocument/Advt template (JRF).pdf,
2026-08-07T04:50:24.984136+00:00,NIT Silchar - Recruitment (all),Applications are invited from Indian citizens for Research Assistant (One) and Field Investigator (One) in the Department of Management Studies S NIT Silchar.,https://www.nits.ac.in/storage/CareerDocument/ICSSR Project Advertisement.pdf,
2026-08-07T04:50:24.984136+00:00,NIT Silchar - Recruitment (all),Applications are invited from Indian citizens for Junior Research Fellow (JRF) in the Department of ECE NIT Silchar,https://www.nits.ac.in/storage/CareerDocument/CSIR Project Adversement.pdf,
2026-08-07T04:50:24.984136+00:00,NIT Silchar - Recruitment (all),"Applications are invited from Indian citizens for Research Assistant in the Department of Management Studies, NIT Silchar",https://www.nits.ac.in/storage/CareerDocument/Advt for Research Assistant.pdf,
2026-08-07T04:50:24.984136+00:00,NIT Silchar - Recruitment (all),Applications are invited from Indian citizens for Project Assistant in the Department of Civil Engineering NIT Silchar,https://www.nits.ac.in/storage/CareerDocument/Advertisement for Project Assistant.pdf,
2026-08-07T04:50:24.984136+00:00,NIT Silchar - Recruitment (all),"Applications are invited from Indian citizens for Project Associate -I for the project \&quot;Estimation of Quantitative Precipitation Errors (QPE) in Southern North East Region, India using Radar Data\&quot; in the Department of Civil Engineering NIT",https://www.nits.ac.in/storage/CareerDocument/Project Associate I.pdf,
2026-08-07T04:50:24.984136+00:00,NIT Silchar - Recruitment (all),Applications are invited from Indian citizens for Project Associate -I in the Department of Civil Engineering NIT Silchar,https://www.nits.ac.in/storage/CareerDocument/Advertisement for recruitment of project staff _CRG DST 2023_5th advertisement.pdf,
2026-08-07T04:50:24.984136+00:00,NIT Silchar - Recruitment (all),Applications are invited from Indian citizens for Project Associate -I and Project Associate -II in the Department of Electronics and Communication Engineering NIT Silchar,"https://www.nits.ac.in/storage/CareerDocument/Advertisement_PA-I,PA-II_updated.pdf",
2026-08-07T04:50:24.984136+00:00,NIT Silchar - Recruitment (all),Re-Advertisement Applications are invited from Indian citizens for Junior Research Fellows (JRF) in the Department of Electrical Engineering,https://www.nits.ac.in/storage/CareerDocument/JRF_Advt_S_Allamsetty_DST_extended.pdf,
2026-08-07T04:50:24.984136+00:00,NIT Silchar - Recruitment (all),Applications are invited from Indian citizens for Junior Research Fellow in the Department of Civil Engineering - Extension of the last date,https://www.nits.ac.in/storage/CareerDocument/Extension JRF  advertisement civil.pdf,
2026-08-07T04:50:24.984136+00:00,NIT Silchar - Recruitment (all),Applications are invited from Indian citizens for Project Associate-I (2 Nos) in MeitY funded project at NIT Silchar,https://www.nits.ac.in/storage/CareerDocument/Project Associate-I_EI.pdf,
2026-08-07T04:50:24.984136+00:00,NIT Silchar - Recruitment (all),"Applications are invited from Indian citizens for Junior Research Fellow in the Department of Civil Engineering, NIT Silchar",https://www.nits.ac.in/storage/CareerDocument/JRF Advertisement Civil Modified.pdf,
2026-08-07T04:50:24.984136+00:00,NIT Silchar - Recruitment (all),"Applications are invited from Indian citizens for Project Associate-I in the Department of Civil Engineering, NIT Silchar",https://www.nits.ac.in/storage/CareerDocument/Advertisement for recruitment of project staff _CRG DST 2023_4th advertisement.pdf,
2026-08-07T04:50:24.984136+00:00,NIT Silchar - Recruitment (all),"Applications are invited from Indian citizens for Project Associate -I in the Department of Mechanical Engineering, NIT Silchar",https://www.nits.ac.in/storage/CareerDocument/PA I_recruitment_advertisement_RNG.pdf,
2026-08-07T04:50:24.984136+00:00,NIT Silchar - Recruitment (all),"Applications are invited from Indian citizens for Junior Research Fellow in the Department of Electrical Engineering, NIT Silchar",https://www.nits.ac.in/storage/CareerDocument/JRF Advt_S_Allamsetty_DST.pdf,
2026-08-07T04:50:24.984136+00:00,NIT Silchar - Recruitment (all),"Extension for Applications are invited from Indian citizens for Project Assistant in the Department of Mechanical Engineering, NIT Silchar",https://www.nits.ac.in/storage/CareerDocument/Project_Assistant_ME.pdf,
2026-08-07T04:50:24.984136+00:00,NIT Silchar - Recruitment (all),Applications are invited from Indian citizens for Project Assistant in the Department of Mechanical Engineering,https://www.nits.ac.in/storage/CareerDocument/Project_Assistant_KVIC_sponsored_project.pdf,
2026-08-07T04:50:24.984136+00:00,NIT Silchar - Recruitment (all),"Applications are invited from Indian citizens for Project Associate -I in the Department of Civil Engineering, NIT Silchar",https://www.nits.ac.in/storage/CareerDocument/Project Associate I_Advertisement.pdf,
2026-08-07T04:50:24.984136+00:00,NIT Silchar - Recruitment (all),"Applications are invited from Indian citizens for Junior Research Fellow (JRF) in the Department of Electronics and Communication Engineering, NIT Silchar",https://www.nits.ac.in/storage/CareerDocument/Advt template_new.pdf,
2026-08-07T04:50:24.984136+00:00,NIT Silchar - Recruitment (all),"Applications are invited from Indian citizens for Junior Research Fellow in the Department of Management Studies, NIT Silchar.",https://www.nits.ac.in/storage/CareerDocument/Project Advertisement_JRF_Verma.pdf,
2026-08-07T04:50:24.984136+00:00,NIT Silchar - Recruitment (all),"Applications are invited from Indian citizens for Project Associate -I in the Department of Civil Engineering, NIT Silchar",https://www.nits.ac.in/storage/CareerDocument/Advertisement for recruitment of project Associate I.pdf,
2026-08-07T04:50:24.984136+00:00,NIT Silchar - Recruitment (all),"Applications are invited from Indian citizens for Junior Research Fellow in the Department of Electronics and Communication Engineering, NIT Silchar.",https://www.nits.ac.in/storage/CareerDocument/Advt. JRF_Ram.pdf,
2026-08-07T04:50:24.984136+00:00,NIT Silchar - Recruitment (all),"Applications are invited from Indian citizens for Project Associate I in the Department of Electronics and Instrumentation Engineering, NIT Silchar.",https://www.nits.ac.in/storage/CareerDocument/Project Associate I-recruitment_advertisement.pdf,
2026-08-07T04:50:24.984136+00:00,NIT Silchar - Recruitment (all),"Applications are invited from Indian citizens for Junior Research Fellow in the Department of Civil Engineering, NIT Silchar.",https://www.nits.ac.in/storage/CareerDocument/02_Advertisement for recruitment of project staff _CRG DST 2023_B S Sil.pdf,
2026-08-07T04:50:24.984136+00:00,NIT Silchar - Recruitment (all),"Applications are invited from Indian citizens for Junior Research Fellow in the Department of Electronics and Communication Engineering, NIT Silchar.",https://www.nits.ac.in/storage/CareerDocument/Advt template JRF_tripti.pdf,
2026-08-07T04:50:24.984136+00:00,NIT Silchar - Recruitment (all),"Applications are invited from Indian citizens for Project Associate I in the Department of Computer Science and Engineering, NIT Silchar",https://www.nits.ac.in/storage/CareerDocument/advertisement PA-I.pdf,
2026-08-07T04:50:24.984136+00:00,NIT Silchar - Recruitment (all),"Applications are invited from Indian citizens for Project Associate I in the Department of Physics, NIT Silchar.",https://www.nits.ac.in/storage/CareerDocument/Recruitment Advertisement_Nair.pdf,
2026-08-07T04:50:24.984136+00:00,NIT Silchar - Recruitment (all),"Applications are invited from Indian citizens for Junior Research Fellow in the Department of Mechanical Engineering, NIT Silchar.",https://www.nits.ac.in/storage/CareerDocument/JRF_recruitment (2023).pdf,
2026-08-07T04:50:24.984136+00:00,NIT Silchar - Recruitment (all),"Applications are invited from Indian citizens for Junior Research Fellow in the Department of Electronics and Communication Engineering, NIT Silchar",https://www.nits.ac.in/storage/CareerDocument/Advt JRF_Chindrajit_New.pdf,
2026-08-07T04:50:24.984136+00:00,NIT Silchar - Recruitment (all),"Applications are invited from Indian citizens for Junior Research Fellow in the Department of Electronics and Instrumentation Engineering, NIT Silchar",https://www.nits.ac.in/storage/CareerDocument/AdvertisementJRF_Ads_Koena.pdf,
2026-08-07T04:50:24.984136+00:00,NIT Silchar - Recruitment (all),Cancelation order of Project Associate -I interview,https://www.nits.ac.in/storage/CareerDocument/Cancellation order of RA.pdf,
2026-08-07T04:50:24.984136+00:00,NIT Silchar - Recruitment (all),"Applications are invited from Indian citizens for Junior Research Fellow in the Department of Computer Science and Engineering, NIT Silchar.",https://www.nits.ac.in/storage/CareerDocument/JRF_recruitment_re-advertisement.pdf,
2026-08-07T04:50:24.984136+00:00,NIT Silchar - Recruitment (all),"Applications are invited from Indian citizens for Project Associate I in the Department of Electrical Engineering, NIT Silchar.",https://www.nits.ac.in/storage/CareerDocument/Project Associate-1 .pdf,
2026-08-07T04:50:24.984136+00:00,NIT Silchar - Recruitment (all),"Applications are invited from Indian citizens for Project Associate-I in the Department of Civil Engineering, NIT Silchar",https://www.nits.ac.in/storage/CareerDocument/1. Advt of PA-I (Dr.N.Debnath).pdf,
2026-08-07T04:50:24.984136+00:00,NIT Silchar - Recruitment (all),"Applications are invited from Indian citizens for Junior Research Fellow in the Department of Electronics and Instrumentation Engineering, NIT Silchar",https://www.nits.ac.in/storage/CareerDocument/JRF_advertisement-EIE.pdf,
2026-08-07T04:50:24.984136+00:00,NIT Silchar - Recruitment (all),"Applications are invited from Indian citizens for Junior Research Fellow in the Department of Electronics and Communication Engineering, NIT Silchar.",https://www.nits.ac.in/storage/CareerDocument/Advt JRF_Chindrajit.pdf,
2026-08-07T04:50:24.984136+00:00,NIT Silchar - Recruitment (all),"Applications are invited from Indian citizens for Project Associate -I in the Department of Electronics and Instrumentation Engineering, NIT Silchar",https://www.nits.ac.in/storage/CareerDocument/Project Associate I-recruitment_advertisement_1.pdf,
2026-08-07T04:50:24.984136+00:00,NIT Silchar - Recruitment (all),"Applications are invited from Indian citizens for Project Associate -I in the Department of Mechanical Engineering, NIT Silchar",https://www.nits.ac.in/storage/CareerDocument/PA I_recruitment_advertisement_RNG.pdf,
2026-08-07T04:50:24.984136+00:00,NIT Silchar - Recruitment (all),"Applications are invited from Indian citizens for JRF in the Department of Mechanical Engineering, NIT Silchar",https://www.nits.ac.in/storage/CareerDocument/JRF_recruitment_advertisement_Yogesh Singh.pdf,
2026-08-07T04:50:24.984136+00:00,NIT Silchar - Recruitment (all),"Applications are invited from Indian citizens for JRF in the Department of Civil Engineering, NIT Silchar",https://www.nits.ac.in/storage/CareerDocument/3. Advt of JRF (Dr.N.Debnath).pdf,
2026-08-07T04:50:24.984136+00:00,NIT Silchar - Recruitment (all),"Applications are invited from Indian citizens for Project Associate I in the Department of Mechanical Engineering, NIT Silchar",https://www.nits.ac.in/storage/CareerDocument/Project Associate-I_recruitment_advertisement.pdf,
2026-08-07T04:50:24.984136+00:00,NIT Silchar - Recruitment (all),"Applications are invited from Indian citizens for Project Associate I in the Department of Mechanical Engineering, NIT Silchar",https://www.nits.ac.in/storage/CareerDocument/Project Associate Advertisement 3.pdf,
2026-08-07T04:50:24.984136+00:00,NIT Silchar - Recruitment (all),"Applications are invited from Indian citizens for Project Associate I in the Department of Computer Science and Engineering, NIT Silchar",https://www.nits.ac.in/storage/CareerDocument/Advertisement of JRF_partha.pdf,
2026-08-07T04:50:24.984136+00:00,NIT Silchar - Recruitment (all),"Applications are invited from Indian citizens for the post of JRF in the Department of Mechanical Engineering, NIT Silchar",https://www.nits.ac.in/storage/CareerDocument/JRF_recruitment_sumita_me.pdf,
2026-08-07T04:50:24.984136+00:00,NIT Silchar - Recruitment (all),"Applications are invited from Indian citizens for the post of JRF in the Department of Civil Engineering, NIT Silchar",https://www.nits.ac.in/storage/CareerDocument/2. Advt of JRF (Dr.N.Debnath).pdf,
2026-08-07T04:50:24.984136+00:00,NIT Silchar - Recruitment (all),"Applications are invited from Indian citizens for the post of JRF in the Department of Mechanical Engineering, NIT Silchar",https://www.nits.ac.in/storage/CareerDocument/JRF_recruitment_advertisement_Yogesh Singh-ME.pdf,
2026-08-07T04:50:24.984136+00:00,NIT Silchar - Recruitment (all),"Applications are invited from Indian citizens for the post of JRF in the Department of Electronics and Communication Engineering, NIT Silchar",https://www.nits.ac.in/storage/CareerDocument/JRF_advertisement_puspa_ece.pdf,
2026-08-07T04:50:24.984136+00:00,NIT Silchar - Recruitment (all),Advertisement for recruitment of JRF in a project in Civil Engineering Department,https://www.nits.ac.in/storage/CareerDocument/Advt of JRF_CE_Debnath.pdf,
2026-08-07T04:50:24.984136+00:00,NIT Silchar - Recruitment (all),Advertisement for the post of Project Assistant in a project in the Department Computer Science & Engineering,https://www.nits.ac.in/storage/CareerDocument/project Assistant_Anupam-cse.pdf,
2026-08-07T04:50:24.984136+00:00,NIT Silchar - Recruitment (all),Advertisement for the post of JRF in a project in the Department Computer Science & Engineering,https://www.nits.ac.in/storage/CareerDocument/Advertisement of JRF-Partha-CSE 2022.pdf,
2026-08-07T04:50:24.984136+00:00,NIT Silchar - Recruitment (all),Advertisement for JRF in a project in E&I Department,https://www.nits.ac.in/storage/CareerDocument/JRF_recruitment_advertisement_MK (1).pdf,
2026-08-07T04:50:24.984136+00:00,NIT Silchar - Recruitment (all),"Applications are invited from Indian citizens for Project Associate I in the Department of Computer Science and Engineering, NIT Silchar",https://www.nits.ac.in/storage/CareerDocument/Advertisement of JRF _partha.pdf,
2026-08-07T04:50:24.984136+00:00,NIT Silchar - Recruitment (all),"Applications are invited from Indian citizens for Project Associate I in the Department of Computer Science and Engineering, NIT Silchar",https://www.nits.ac.in/storage/CareerDocument/Advertisement of JRF PA.pdf,
2026-08-07T04:50:24.984136+00:00,NIT Silchar - Recruitment (all),"Applications are invited from Indian citizens for Junior Research Fellow in the Department of Mechanical Engineering, NIT Silchar",https://www.nits.ac.in/storage/CareerDocument/JRF_advertisement_29-04-2022.pdf,
2026-08-07T04:50:24.984136+00:00,NIT Silchar - Recruitment (all),"Applications are invited from Indian citizens for Junior Research Fellow in the Department of Mechanical Engineering, NIT Silchar",https://www.nits.ac.in/storage/CareerDocument/JRF_recruitment_advertisement_27-04-2022.pdf,
2026-08-07T04:50:24.984136+00:00,NIT Silchar - Recruitment (all),"Applications are invited from Indian citizens for Junior Research Fellow in the Department of Electronics and Communication and Engineering Engineering, NIT Silchar",https://www.nits.ac.in/storage/CareerDocument/JRF_advertisement_puspa.pdf,
2026-08-07T04:50:24.984136+00:00,NIT Silchar - Recruitment (all),"Applications are invited from Indian citizens for Junior Research Fellow in the Department of Computer Science and Engineering Engineering, NIT Silchar",https://www.nits.ac.in/storage/CareerDocument/Advertisement of JRF-CSE .pdf,
2026-08-07T04:50:24.984136+00:00,NIT Silchar - Recruitment (all),"Applications are invited from Indian citizens for Junior Research Fellow in the Department of Computer Science and Engineering Engineering, NIT Silchar",https://www.nits.ac.in/storage/CareerDocument/JRF_recruitment_advertisement_CSE.pdf,
2026-08-07T04:50:24.984136+00:00,NIT Silchar - Recruitment (all),"Applications are invited from Indian citizens for Junior Research fellow in the Department of Mechanical Engineering, NIT Silchar",https://www.nits.ac.in/storage/CareerDocument/JRF_recruitment_advertisement_RNG 2.pdf,
2026-08-07T04:50:24.984136+00:00,NIT Silchar - Recruitment (all),"Applications are invited from Indian citizens for Junior Research Fellow in the Department of Mechanical Engineering, NIT Silchar",https://www.nits.ac.in/storage/CareerDocument/JRF Recruitment_587 JRF.pdf,
2026-08-07T04:50:24.984136+00:00,NIT Silchar - Recruitment (all),"Applications are invited from Indian citizens for Junior Research fellow in the Department of Mechanical Engineering, NIT Silchar",https://www.nits.ac.in/storage/CareerDocument/JRF_recruitment_advertisement_2022.pdf,
2026-08-07T04:50:24.984136+00:00,NIT Silchar - Recruitment (all),"Applications are invited from Indian citizens for Project Assistant in the Department of Computer Science and Engineering, NIT Silchar",https://www.nits.ac.in/storage/CareerDocument/Project Assistant_2022.pdf,
2026-08-07T04:50:24.984136+00:00,NIT Silchar - Recruitment (all),"Applications are invited from Indian citizens for Junior Research fellow in the Department of Mechanical Engineering, NIT Silchar",https://www.nits.ac.in/storage/CareerDocument/JRF_recruitment_advertisement_RNG.pdf,
2026-08-07T04:50:24.984136+00:00,NIT Silchar - Recruitment (all),"Applications are invited from Indian citizens for Junior Research fellow in the Department of Mechanical Engineering, NIT Silchar",https://www.nits.ac.in/storage/CareerDocument/JRF_recruitment_advertisement.pdf,
2026-08-07T04:50:24.984136+00:00,NIT Silchar - Recruitment (all),"Applications are invited from Indian citizens for Junior Research fellow in the Department of Civil Engineering, NIT Silchar",https://www.nits.ac.in/storage/CareerDocument/576.pdf,
2026-08-07T04:50:24.984136+00:00,NIT Silchar - Recruitment (all),"Applications are invited from Indian citizens for Project Assistant in the Department of Electrical Engineering, NIT Silchar",https://www.nits.ac.in/storage/CareerDocument/PA BSc Chem.pdf,
2026-08-07T04:50:24.984136+00:00,NIT Silchar - Recruitment (all),"Applications are invited from Indian citizens for Project Assistant in the Department of Mechanical Engineering, NIT Silchar",https://www.nits.ac.in/storage/CareerDocument/567-2.pdf,
2026-08-07T04:50:24.984136+00:00,NIT Silchar - Recruitment (all),"Applications are invited from Indian citizens for Project Associate-1 in the Department of Electrical Engineering, NIT Silchar",https://www.nits.ac.in/storage/CareerDocument/570-2.pdf,
2026-08-07T04:50:24.984136+00:00,NIT Silchar - Recruitment (all),"Applications are invited from Indian citizens for Junior Research fellow in the Department of Computer Science and Engineering, NIT Silchar",https://www.nits.ac.in/storage/CareerDocument/Advt 1_merged.pdf,
2026-08-07T04:50:24.984136+00:00,NIT Silchar - Recruitment (all),"Applications are invited from Indian citizens for Project Assistant in the Department of Electrical Engineering, NIT Silchar",https://www.nits.ac.in/storage/CareerDocument/Extended 569_notice.pdf,
2026-08-07T04:50:24.984136+00:00,NIT Silchar - Recruitment (all),"Applications are invited from Indian citizens for Junior Research fellow in the Department of Computer Science and Engineering, NIT Silchar",https://www.nits.ac.in/storage/CareerDocument/543-2.pdf,
2026-08-07T04:50:24.984136+00:00,NIT Silchar - Recruitment (all),"Applications are invited from Indian citizens for Project Assistant in the Department of Electrical Engineering, NIT Silchar",https://www.nits.ac.in/storage/CareerDocument/Final PA Chem.pdf,
2026-08-07T04:50:24.984136+00:00,NIT Silchar - Recruitment (all),"Applications are invited from Indian citizens for Project Assistant in the Department of Electrical Engineering, NIT Silchar",https://www.nits.ac.in/storage/CareerDocument/2. Final PA.pdf,
2026-08-07T04:50:24.984136+00:00,NIT Silchar - Recruitment (all),"Applications are invited from Indian citizens for Junior Research fellow in the Department of Electrical Engineering, NIT Silchar",https://www.nits.ac.in/storage/CareerDocument/Final JRF.pdf,
2026-08-07T04:50:24.984136+00:00,NIT Silchar - Recruitment (all),"Applications are invited from Indian citizens for Junior Research fellow in the Department of Electronics and Communication Engineering, NIT Silchar",https://www.nits.ac.in/storage/CareerDocument/F No. 571.pdf,
2026-08-07T04:50:24.984136+00:00,NIT Silchar - Recruitment (all),"Applications are invited from Indian citizens for Junior Research fellow in the Department of Electronics and Communication Engineering, NIT Silchar",https://www.nits.ac.in/storage/CareerDocument/ECE_JRF.pdf,
2026-08-07T04:50:24.984136+00:00,NIT Silchar - Recruitment (all),"Applications are invited from Indian citizens for Junior Research fellow in the Department of Electrical Engineering, NIT Silchar",https://www.nits.ac.in/storage/CareerDocument/570-01.pdf,
2026-08-07T04:50:24.984136+00:00,NIT Silchar - Recruitment (all),"Applications are invited from Indian citizens for Junior Research fellow in the Department of Electronics and Communication Engineering, NIT Silchar",https://www.nits.ac.in/storage/CareerDocument/JRF_Recruitment_Advertisement_PrabinaPattanayak1.pdf,
2026-08-07T04:50:24.984136+00:00,NIT Silchar - Recruitment (all),"Applications are invited from Indian citizens for Junior Research fellow in the Department of Mechanical Engineering, NIT Silchar",https://www.nits.ac.in/storage/CareerDocument/ME_556_03.pdf,
2026-08-07T04:50:24.984136+00:00,NIT Silchar - Recruitment (all),"Applications are invited from Indian citizens for Junior Research fellow in the Department of Computer Science and Engineering, NIT Silchar",https://www.nits.ac.in/storage/CareerDocument/CSE_530_05.pdf,
2026-08-07T04:50:24.984136+00:00,NIT Silchar - Recruitment (all),"Applications are invited from Indian citizens for Project Assistant in the Department of Mechanical Engineering, NIT Silchar",https://www.nits.ac.in/storage/CareerDocument/ME_567_01.pdf,
2026-08-07T04:50:24.984136+00:00,NIT Silchar - Recruitment (all),"Applications are invited from Indian citizens for Junior Research fellow in the Department of Computer Science and Engineering, NIT Silchar",https://www.nits.ac.in/storage/CareerDocument/530-04.pdf,
2026-08-07T04:50:24.984136+00:00,NIT Silchar - Recruitment (all),"Applications are invited from Indian citizens for Project Associate -I (PA-I) in the Department of Electrical Engineering, NIT Silchar",https://www.nits.ac.in/storage/CareerDocument/550 Re.pdf,
2026-08-07T04:50:24.984136+00:00,NIT Silchar - Recruitment (all),"Applications are invited from Indian citizens for Junior Research fellow in the Department of Electronics and Communication Engineering, NIT Silchar.",https://www.nits.ac.in/storage/CareerDocument/JRF_Recruitment_Advertisement_PrabinaPattanayak.pdf,
2026-08-07T04:50:24.984136+00:00,NIT Silchar - Recruitment (all),"Applications are invited from Indian citizens for Junior Research fellow in the Department of Computer Science and Engineering, NIT Silchar.",https://www.nits.ac.in/storage/CareerDocument/530.pdf,
2026-08-07T04:50:24.984136+00:00,NIT Silchar - Recruitment (all),"Applications are invited from Indian citizens for Project Assistant in the Department of Electronics and Communication Engineering, NIT Silchar.",https://www.nits.ac.in/storage/CareerDocument/Re-advt 554.pdf,
2026-08-07T04:50:24.984136+00:00,NIT Silchar - Recruitment (all),"Applications are invited from Indian citizens for Project Assistant in the Department of Mechanical Engineering, NIT Silchar.",https://www.nits.ac.in/storage/CareerDocument/557.pdf,
2026-08-07T04:50:24.984136+00:00,NIT Silchar - Recruitment (all),"Applications are invited from Indian citizens for Junior Research Fellow in the Department of Computer Science and Engineering, NIT Silchar",https://www.nits.ac.in/storage/CareerDocument/530 Re-Advt.pdf,
2026-08-07T04:50:24.984136+00:00,NIT Silchar - Recruitment (all),"Applications are invited from Indian citizens for Junior Research Fellow in the Department of Computer Science and Engineering, NIT Silchar",https://www.nits.ac.in/storage/CareerDocument/JRF.pdf,
2026-08-07T04:50:24.984136+00:00,NIT Silchar - Recruitment (all),"Applications are invited from Indian citizens for Junior Research Fellow in the Department of Electronics and Communication Engineering, NIT Silchar.",https://www.nits.ac.in/storage/CareerDocument/1. 559.pdf,
2026-08-07T04:50:24.984136+00:00,NIT Silchar - Recruitment (all),"Applications are invited from Indian citizens for Project Associate -I (PA-I) in the Department of Electrical Engineering, NIT Silchar.",https://www.nits.ac.in/storage/CareerDocument/550 2 PA.pdf,
2026-08-07T04:50:24.984136+00:00,NIT Silchar - Recruitment (all),"Applications are invited from Indian citizens for Junior Research Fellow in the Department of Mechanical Engineering, NIT Silchar",https://www.nits.ac.in/storage/CareerDocument/Re-Adv.pdf,
2026-08-07T04:50:24.984136+00:00,NIT Silchar - Recruitment (all),"Applications are invited from Indian citizens for Junior Research Fellow in the Department of Mechanical Engineering, NIT Silchar",https://www.nits.ac.in/storage/CareerDocument/556 JRF.pdf,
2026-08-07T04:50:24.984136+00:00,NIT Silchar - Recruitment (all),"Applications are invited from Indian citizens for Junior Research Fellow in the Department of Electronics and Communication Engineering, NIT Silchar.",https://www.nits.ac.in/storage/CareerDocument/Advt + format.pdf,
2026-08-07T04:50:24.984136+00:00,NIT Silchar - Recruitment (all),"Applications are invited from Indian citizens for a temporary post of Project Assistant for the DST sponsored project in the Department of Electronics and Communication Engineering, NIT Silchar.",https://www.nits.ac.in/storage/CareerDocument/PA ECE.pdf,
2026-08-07T04:50:24.984136+00:00,NIT Silchar - Recruitment (all),"Applications are invited from Indian citizens for a temporary post of Junior Research Fellow (JRF) for CSIR sponsored project in the Department of Mechanical Engineering, NIT Silchar",https://www.nits.ac.in/storage/CareerDocument/Advertisement and Application form.pdf,
2026-08-07T04:50:24.984136+00:00,NIT Silchar - Recruitment (all),"Applications are invited from Indian citizens for a temporary of post of Junior Research Fellow (JRF) for the DST sponsored project in the Department of Mechanical Engineering, NIT Silchar",https://www.nits.ac.in/storage/CareerDocument/DST_TMD_Advt_JRF_Re-Advt.pdf,
2026-08-07T04:50:24.984136+00:00,NIT Silchar - Recruitment (all),"Applications are invited from Indian citizens for Project Associate -I (PA-I) in the Department of Electrical Engineering, NIT Silchar.",https://www.nits.ac.in/storage/CareerDocument/PA EE.pdf,
2026-08-07T04:50:24.984136+00:00,NIT Silchar - Recruitment (all),"Applications are invited from Indian citizens for Junior Research Fellow (JRF) in the Department of Electrical Engineering, NIT Silchar.",https://www.nits.ac.in/storage/CareerDocument/JRF EE.pdf,
2026-08-07T04:50:24.984136+00:00,NIT Silchar - Recruitment (all),"Applications are invited from Indian citizens for Project Associate-I (PA-I) in the Department of Mechanical Engineering, NIT Silchar.",https://www.nits.ac.in/storage/CareerDocument/Project Associate for ME.pdf,
2026-08-07T04:50:24.984136+00:00,NIT Silchar - Recruitment (all),Applications are invited from Indian citizens for a temporary post of Junior Research Fellow (JRF) for the DST sponsored project in the Department of Mechanical Engineering NIT Silchar,https://www.nits.ac.in/storage/CareerDocument/JRF ME.pdf,
2026-08-07T04:50:24.984136+00:00,NIT Silchar - Recruitment (all),"Applications are invited from Indian citizens for a temporary of post of Junior Research Fellow (JRF) for the SERB sponsored project in the Department of Mechanical Engineering, NIT Silchar.",https://www.nits.ac.in/storage/CareerDocument/Advt Extended.pdf,
2026-08-07T04:50:24.984136+00:00,NIT Silchar - Recruitment (all),"Applications are invited from Indian citizens for a temporary of post of Junior Research Fellow (JRF) for the DST sponsored project in the Department of Mechanical Engineering, NIT Silchar",https://www.nits.ac.in/storage/CareerDocument/JRF advt_Mech.pdf,
2026-08-07T04:50:24.984136+00:00,NIT Silchar - Recruitment (all),"Applications are invited from Indian citizens for a temporary of post of Junior Research Fellow (JRF) for the DST sponsored project in the Department of Civil Engineering, NIT Silchar",https://www.nits.ac.in/storage/CareerDocument/DST_CE_JRF_546.pdf,
2026-08-07T04:50:24.984136+00:00,NIT Silchar - Recruitment (all),"Applications are invited from Indian citizens for a temporary of post of Junior Research Fellow (JRF) for the SERB sponsored project in the Department of Electrical Engineering, NIT Silchar",https://www.nits.ac.in/storage/CareerDocument/SERB_EE_JRF_550.pdf,
2026-08-07T04:50:24.984136+00:00,NIT Silchar - Recruitment (all),"Applications are invited from Indian citizens for a temporary of post of Research Associate (RA) for the SERB sponsored project in the Department of Electrical Engineering, NIT Silchar",https://www.nits.ac.in/storage/CareerDocument/SERB_EE_RA_550.pdf,
2026-08-07T04:50:24.984136+00:00,NIT Silchar - Recruitment (all),"Applications are invited from Indian citizens for a temporary of post of Junior Research Fellow (JRF) for the SERB sponsored project in the Department of Electrical Engineering, NIT Silchar",https://www.nits.ac.in/storage/CareerDocument/SERB_EE_JRF_549.pdf,
2026-08-07T04:50:24.984136+00:00,NIT Silchar - Recruitment (all),Applications are invited from Indian citizens for the post of Project Assistant for the CSIR sponsored project in the Department of Electronics & Communication Engineering NIT Silchar,https://www.nits.ac.in/storage/CareerDocument/Project Assistant.pdf,
2026-08-07T04:50:24.984136+00:00,NIT Silchar - Recruitment (all),"Applications are invited from Indian citizens for the post of JRF for the DST sponsored project in the Department of Civil Engineering,NIT Silchar",https://www.nits.ac.in/storage/CareerDocument/JRF CE Dept..pdf,
2026-08-07T04:50:24.984136+00:00,NIT Silchar - Recruitment (all),"Applications are invited from Indian citizens for a temporary of post of Junior Research Fellow (JRF) for the SERB-DST sponsored project in the Department of Computer Science and Engineering, NIT Silchar.",https://www.nits.ac.in/storage/CareerDocument/Advertisement dated 16-11-2019.pdf,
2026-08-07T04:50:24.984136+00:00,NIT Silchar - Recruitment (all),Advertisement for SRF position in the Dept. of ECE,https://www.nits.ac.in/storage/CareerDocument/SRF_RHL_2019.pdf,
2026-08-07T04:50:24.984136+00:00,NIT Silchar - Recruitment (all),Walk-in Interview for the post of Project Assistant (in M.E. Dept.) under DST sponsored project (on 25-04-2019),https://www.nits.ac.in/storage/CareerDocument/WalkIn_Interview_25042019_ME_for_ProjectAssist_under_DST.pdf,
2026-08-07T04:50:24.984136+00:00,NIT Silchar - Recruitment (all),Walk-in Interview for the post of JRF (in M.E. Dept.) under DST sponsored project (on 04-03-2019),https://www.nits.ac.in/storage/CareerDocument/WalkIn_Interview_04032019_ME_for_JRF_under_DST.pdf,
2026-08-07T04:50:24.984136+00:00,NIT Silchar - Recruitment (all),Advertisement No. : NITS/Dean (R&C)/ECE/529/Advt. No. 01/2019 for one (01) JRF and one (01) SRF for the SERB- IMPRINT-II sponsored project in the Department of ECE,https://www.nits.ac.in/storage/CareerDocument/JRF SRF Recriutment IMPRINT-II DST-SERB.pdf,
2026-08-07T04:50:24.984136+00:00,NIT Silchar - Recruitment (all),Re-Advertisement for the post of JRF (in Mathematics Dept.) under SERB-DST Project,https://www.nits.ac.in/storage/CareerDocument/JRF Re-Advt alongwith the form.pdf,
2026-08-07T04:50:24.984136+00:00,NIT Silchar - Recruitment (all),Advertisement for the post of JRF (in Mathematics Dept.) under SERB-DST Project,https://www.nits.ac.in/storage/CareerDocument/Advt_for_JRF_Maths_under_SERB_DST_04012019.pdf,
2026-08-07T04:50:24.984136+00:00,NIT Silchar - Recruitment (all),Extension of Last Date of Submission of Application for the post of JRF (in M.E. Dept.) under AR&DB project,https://www.nits.ac.in/storage/CareerDocument/Date_Extension_Advt_for_JRF_ME_under_ARDB_Defence_Minintry_12112018.pdf,
2026-08-07T04:50:24.984136+00:00,NIT Silchar - Recruitment (all),Advertisement for the post of JRF (in C.E. Dept.) under DST-SERB project,https://www.nits.ac.in/storage/CareerDocument/Advt_for_JRF_CE_under_DST_SERB_28112018.pdf,
2026-08-07T04:50:24.984136+00:00,NIT Silchar - Recruitment (all),Advertisement for the post of JRF (in Chemistry Dept.) under DST-SERB project,https://www.nits.ac.in/storage/CareerDocument/Advt_for_JRF_Chem_under_DST_SERB_30112018.pdf,
2026-08-07T04:50:24.984136+00:00,NIT Silchar - Recruitment (all),Advertisement for the post of JRF (in M.E. Dept.) under AR&DB project,https://www.nits.ac.in/storage/CareerDocument/Advt_for_JRF_ME_under_ARDB_Defence_Minintry_12112018.pdf,
2026-08-07T04:50:24.984136+00:00,NIT Silchar - Recruitment (all),Advertisement for the post of JRF (in Physics Dept.) under DST-SERB sponsored Project,https://www.nits.ac.in/storage/CareerDocument/Advt_for_JRF_Phy_under_DST_SERB_23092018.pdf,
2026-08-07T04:50:24.984136+00:00,NIT Silchar - Recruitment (all),Advertisement for the post of JRF (in Chemistry Dept.) under SERB-DST Project,https://www.nits.ac.in/storage/CareerDocument/Advt_for_JRF_Chem_under_SERB_DST_20082018.pdf,
2026-08-07T04:50:24.984136+00:00,NIT Silchar - Recruitment (all),Advertisement for the post of JRF (in M.E. Dept.) under DST (TMD-CERI) project,https://www.nits.ac.in/storage/CareerDocument/Advt_for_JRF_ME_under_DST_TMD_CERI_10082018.pdf,
2026-08-07T04:50:24.984136+00:00,NIT Silchar - Recruitment (all),Walk-in Interview for the post of JRF (in C.E. Dept.) under SERB-DST project (on 08-08-2018),https://www.nits.ac.in/storage/CareerDocument/WalkIn_Interview_08082018_CE_for_JRF_under_SERB_DST.pdf,
2026-08-07T04:50:24.984136+00:00,NIT Silchar - Recruitment (all),Advertisement for the post of Research Associate (in E.C.E. Dept.) under CSIR-EMR II Project,https://www.nits.ac.in/storage/CareerDocument/Advt_for_Research_Associate_ECE_under_CSIR_EMR_II_16072018.pdf,
2026-08-07T04:50:24.984136+00:00,NIT Silchar - Recruitment (all),Advertisement for the post of JRF (in Physics Dept.) under DST sponsored Project,https://www.nits.ac.in/storage/CareerDocument/Advt_for_JRF_Phy_under_DST_05072018.pdf,
2026-08-07T04:50:24.984136+00:00,NIT Silchar - Recruitment (all),Walk-in Interview for the post of JRF (in M.E. Dept.) under DST (TMD-CERI) project (on 21-06-2018),https://www.nits.ac.in/storage/CareerDocument/WalkIn_Interview_21062018_ME_for_JRF_under_DST_TMD_CERI.pdf,
2026-08-07T04:50:24.984136+00:00,NIT Silchar - Recruitment (all),Walk-in Interview for the post of JRF (in C.E. Dept.) under DST-SERB project (on 22-06-2018),https://www.nits.ac.in/storage/CareerDocument/WalkIn_Interview_22062018_CE_for_JRF_under_DST_SERB.pdf,
2026-08-07T04:50:24.984136+00:00,NIT Silchar - Recruitment (all),Walk-in Interview for the post of JRF (in M.E. Dept.) under NMHS project (on 01-07-2018),https://www.nits.ac.in/storage/CareerDocument/WalkIn_Interview_01072018_ME_for_JRF_under_NMHS.pdf,
2026-08-07T04:50:24.984136+00:00,NIT Silchar - Recruitment (all),Advertisement for the post of JRF (in M.E. Dept.) under DST-SERB Project,https://www.nits.ac.in/storage/CareerDocument/Advt_for_JRF_ME_under_DST_SERB_11062018.pdf,
2026-08-07T04:50:24.984136+00:00,NIT Silchar - Recruitment (all),Advertisement for the post of JRF (in C.E. Dept.) under SERB-DST Project,https://www.nits.ac.in/storage/CareerDocument/Advt_for_JRF_CE_under_SERB_DST_18052018.pdf,
2026-08-07T04:50:24.984136+00:00,NIT Silchar - Recruitment (all),Advertisement for the post of Research Associate (in E.C.E. Dept.) under CSIR-EMR II Project,https://www.nits.ac.in/storage/CareerDocument/Advt_for_Research_Associate_ECE_under_CSIR_EMR_II_21052018.pdf,
2026-08-07T04:50:24.984136+00:00,NIT Silchar - Recruitment (all),Advertisement for the post of JRF (in E.C.E. Dept.) under DST-SERB Project,https://www.nits.ac.in/storage/CareerDocument/Advt_for_JRF_ECE_under_DST_SERB_01052018.pdf,
2026-08-07T04:50:24.984136+00:00,NIT Silchar - Recruitment (all),Advertisement for the post of JRF (in M.E. Dept.) under DST (TMD-CERI) Project,https://www.nits.ac.in/storage/CareerDocument/Advt_for_JRF_ME_under_DST_TMD_CERI_30042018.pdf,
2026-08-07T04:50:24.984136+00:00,NIT Silchar - Recruitment (all),Advertisement for the post of JRF (in Chemistry Dept.) under SERB-DST Project,https://www.nits.ac.in/storage/CareerDocument/Advt_for_JRF_Chem_under_SERB_DST_16042018.pdf,
2026-08-07T04:50:24.984136+00:00,NIT Silchar - Recruitment (all),Advertisement for the post of JRF (in M.E. Dept.) under DST-SERB Project,https://www.nits.ac.in/storage/CareerDocument/Advt_for_JRF_ME_under_DST_SERB_15042018.pdf,
2026-08-07T04:50:24.984136+00:00,NIT Silchar - Recruitment (all),Advertisement for the post of JRF (in Mathematics Dept.) under SERB-DST Project,https://www.nits.ac.in/storage/CareerDocument/Advt_for_JRF_Maths_under_SERB_DST_21052018.pdf,
2026-08-07T04:50:24.984136+00:00,NIT Silchar - Recruitment (all),Advertisement for the post of Research Assistant for XRD Central Facility at NIT Silchar,https://www.nits.ac.in/storage/CareerDocument/Advt_for_ResearchAssistant_for_XRD_Central_Facility_03042018.pdf,
2026-08-07T04:50:24.984136+00:00,NIT Silchar - Recruitment (all),Advertisement for the post of Research Associate in ECE Dept. under CSIR-EMR II sponsored project,https://www.nits.ac.in/storage/CareerDocument/Advt_for_Research_Associate_ECE_under_CSIR_EMR_II_23022018.pdf,
2026-08-07T04:50:24.984136+00:00,NIT Silchar - Recruitment (all),Advertisement for the post of JRF (in C.E. Dept.) under SERB-DST sponsored Project,https://www.nits.ac.in/storage/CareerDocument/Advt_for_JRF_CE_under_SERB_DST_25012018.pdf,
2026-08-07T04:50:24.984136+00:00,NIT Silchar - Recruitment (all),Advertisement for the post of JRF (in Physics Dept.) under IUAC-UGC sponsored Project,https://www.nits.ac.in/storage/CareerDocument/Advt_for_JRF_Phy_under_IUAC_UGC_25012018.pdf,
2026-08-07T04:50:24.984136+00:00,NIT Silchar - Recruitment (all),Walk-in Interview for the post of Research Assistant in H.S.S. Dept. under ICSSR sponsored project (on 19-01-2018),https://www.nits.ac.in/storage/CareerDocument/WalkIn_Interview_19012018_HSS_for_ResearchAssistant_under_ICSSR.pdf,
2026-08-07T04:50:24.984136+00:00,NIT Silchar - Recruitment (all),Walk-in Interview for the post of JRF (in C.E. Dept.) under DST-SERB project (on 27-11-2017),https://www.nits.ac.in/storage/CareerDocument/WalkIn_Interview_27112017_CE_for_JRF_under_DST_SERB.pdf,
2026-08-07T04:50:24.984136+00:00,NIT Silchar - Recruitment (all),Walk-in Interview for the post of JRF (in C.E. Dept.) under SERB-DST project (on 24-11-2017),https://www.nits.ac.in/storage/CareerDocument/WalkIn_Interview_24112017_CE_for_JRF_under_SERB_DST.pdf,
2026-08-07T04:50:24.984136+00:00,NIT Silchar - Recruitment (all),Walk-in Interview for the post of Project Assistant (in Chemistry Dept.) under DST-SERB project (on 22-11-2017),https://www.nits.ac.in/storage/CareerDocument/WalkIn_Interview_22112017_Chem_for_ProjAssist_under_DST_SERB.pdf,
2026-08-07T04:50:24.984136+00:00,NIT Silchar - Recruitment (all),Walk-in Interview for the post of JRF (in M.E. Dept.) under CPRI (on 07-11-2017),https://www.nits.ac.in/storage/CareerDocument/WalkIn_Interview_07112017_ME_for_JRF_under_CPRI_MoP.pdf,
2026-08-07T04:50:24.984136+00:00,NIT Silchar - Recruitment (all),Walk-in Interview for the post of Research Assistant in H.S.S. Dept. under ICSSR sponsored project (on 11-08-2017),https://www.nits.ac.in/storage/CareerDocument/WalkIn_Interview_11082017_HSS_for_ResearchAssistant_under_ICSSR.pdf,
2026-08-07T04:50:24.984136+00:00,NIT Silchar - Recruitment (all),Walk-in Interview for the post of Project Assistant in M.E. Dept. under DST-NRDMS project (on 02-08-2017),https://www.nits.ac.in/storage/CareerDocument/WalkIn_Interview_02082017_ME_for_ProjectAssist_under_DST_NRDMS.pdf,
2026-08-07T04:50:24.984136+00:00,NIT Silchar - Recruitment (all),Walk-in Interview for the post of JRF (in C.E. Dept.) under DST-SERB Project (on 07-08-2017),https://www.nits.ac.in/storage/CareerDocument/WalkIn_Interview_07082017_CE_for_JRF_under_DST_SERB.pdf,
2026-08-07T04:50:24.984136+00:00,NIT Silchar - Recruitment (all),Advertisement for the post of JRF (in Mathematics Dept.) under SERB-DST Project titled \&quot;Numerical Study on Electrokinetic flow through Polyelectrolyte coated Nanopore\&quot;,https://www.nits.ac.in/storage/CareerDocument/Advt_for_JRF_Maths_under_SERB_DST_Extended_to_31072017.pdf,
2026-08-07T04:50:24.984136+00:00,NIT Silchar - Recruitment (all),Walk-in Interview for the post of JRF (in M.E. Dept.) under DST-SERB Project (on 31-05-2017),https://www.nits.ac.in/storage/CareerDocument/WalkIn_Interview_31052017_ME_for_JRF_under_DST_SERB.pdf,
2026-08-07T04:50:24.984136+00:00,NIT Silchar - Recruitment (all),Walk-in Interview for the post of JRF (in C.E. Dept.) under DST-SERB Project (on 07-06-2017),https://www.nits.ac.in/storage/CareerDocument/WalkIn_Interview_07062017_CE_for_JRF_under_DST_SERB.pdf,
2026-08-07T04:50:24.984136+00:00,NIT Silchar - Recruitment (all),Walk-in Interview for the post of JRF (in E.C.E. Dept.) under DST-SERB Project (on 15-05-2017),https://www.nits.ac.in/storage/CareerDocument/WalkIn_Interview_15052017_ECE_for_JRF_under_DST_SERB.pdf,
2026-08-07T04:50:24.984136+00:00,NIT Silchar - Recruitment (all),WalkIn Interview for the post of JRF (in Physics Dept.) under DST-SERB Project titled \&quot;Fabrication and Testing of Tandem layered quantum dot sensitized solar cell with elevated absorption\&quot;,https://www.nits.ac.in/storage/CareerDocument/WalkIn_Interview_28022017_Phy_for_JRF_under_DST_SERB.pdf,
2026-08-07T04:50:24.984136+00:00,NIT Silchar - Recruitment (all),Advertisement for the post of JRF (in E.I.E. Dept.) under DST Project titled \&quot;Development of Battery Supercapacitor Hybrid Energy Storage System for Stand-alone Solar Photovoltaic Power System\&quot;,https://www.nits.ac.in/storage/CareerDocument/Advt_for_JRF_EIE_under_DST_20012017.pdf,
2026-08-07T04:50:24.984136+00:00,NIT Silchar - Recruitment (all),WalkIn Interview for the post of SRF (in E.C.E. Dept.) on 20-02-2017 under DAE/BRNS Project (\&quot;Pose Invariant face recognition algorithm development for face based prototype video surveillance system (VSS)\&quot;),https://www.nits.ac.in/storage/CareerDocument/WalkIn_Interview_20022017_ECE_for_SRF_under_DAE_BRNS.pdf,
2026-08-07T04:50:24.984136+00:00,NIT Silchar - Recruitment (all),Walk-in-Interview for the post of Research Assistant under STIS project entitled \&quot;Development of an Integrated Hydrological-Mathematical Model to Determine Flood Discharge in and around Silchar City\&quot; (on 23-09-2016),https://www.nits.ac.in/storage/CareerDocument/WalkIn_Interview_23092016_for_ResearchAssist_under_STIS.pdf,
2026-08-07T04:50:24.984136+00:00,NIT Silchar - Recruitment (all),Walk-in-Interview for the post of JRF (in Chemistry Dept.) on 26-08-2016 under DST-SERB Project (\&quot;Metal Complexes of New Chiral Schiff Bases\&quot;),https://www.nits.ac.in/storage/CareerDocument/WalkIn_Interview_26082016_Chem_for_JRF_under_DST_SERB.pdf,
2026-08-07T04:50:24.984136+00:00,NIT Silchar - Recruitment (all),Walk-in Interview for the post of JRF under STIS project entitled \&quot;Design and Manufacturing of Biomedical Models and Implant using 3D Printing Technology\&quot; (on 30-08-2016),https://www.nits.ac.in/storage/CareerDocument/WalkIn_Interview_30082016_for_JRF_under_STIS.pdf,
2026-08-07T04:50:24.984136+00:00,NIT Silchar - Recruitment (all),Walk-in Interview for the post of Project Assistant under STIS project entitled \&quot;Implementation of a Rainfall Forecasting Model for Silchar Weather Station\&quot; (on 22-08-2016),https://www.nits.ac.in/storage/CareerDocument/WalkIn_Interview_22082016_for_ProjectAssist_Rescheduled_under_STIS.pdf,
2026-08-07T04:50:24.984136+00:00,NIT Silchar - Recruitment (all),Walk-in-Interview for the posts of Project Assistant under STIS project entitled \&quot;Development of android child e-health care system for N-E Region using fuzzy logic\&quot; has been postponed to 16-08-2016 at 12-05 pm,http://www.nits.ac.in/recruitment.php,
2026-08-07T04:50:24.984136+00:00,NIT Silchar - Recruitment (all),Walk-in Interview for the post of Project Assistant under STIS project entitled \&quot;Design of Optimized model of Smokeless Chulha by using Geo-Polymer and Installation for Poor Villagers in NE India\&quot; (on 11-08-2016),https://www.nits.ac.in/storage/CareerDocument/WalkIn_Interview_11082016_for_ProjectAssist_under_STIS.pdf,
2026-08-07T04:50:24.984136+00:00,NIT Silchar - Recruitment (all),Walk-in-Interview for the post of Research Assistant under STIS project entitled \&quot;Development of an Integrated Hydrological-Mathematical Model to Determine Flood Discharge in and around Silchar City\&quot; (on 26-08-2016),https://www.nits.ac.in/storage/CareerDocument/WalkIn_Interview_26082016_for_ResearchAssist_under_STIS.pdf,
2026-08-07T04:50:24.984136+00:00,NIT Silchar - Recruitment (all),Walk-in-Interview for the posts of Project Assistant under STIS project entitled \&quot;Development of android child e-health care system for N-E Region using fuzzy logic\&quot; (on 14-08-2016; POSTPONED to 16-08-2016 at 12-05 pm)),https://www.nits.ac.in/storage/CareerDocument/WalkIn_Interview_14082016_for_ProjectAssist_under_STIS.pdf,
2026-08-07T04:50:24.984136+00:00,NIT Silchar - Recruitment (all),Walk-in-Interview for the post of JRF (in Maths Dept.) on 12-08-2016 under DST-SERB Project,https://www.nits.ac.in/storage/CareerDocument/WalkIn_Interview_12082016_Maths_for_JRF_under_DSTSERB.pdf,
2026-08-07T04:50:24.984136+00:00,NIT Silchar - Recruitment (all),Walk-in-Interview for the post of Research Assistant under STIS project entitled \&quot;Developing Sustainable Financial System of NIT Silchar\&quot; in DoMS (on 28-07-2016),https://www.nits.ac.in/storage/CareerDocument/WalkIn_Interview_28072016_for_ResearchAssist_under_STIS.pdf,
2026-08-07T04:50:24.984136+00:00,NIT Silchar - Recruitment (all),Walk-in-Interview for the post of Project Assistant under STIS project entitled \&quot;Implementation of Smart Card Access Control in Hostels of NIT Silchar\&quot; (on 23-07-2016),https://www.nits.ac.in/storage/CareerDocument/WalkIn_Interview_23072016_for_ProjAssist_under_STIS.pdf,
2026-08-07T04:50:24.984136+00:00,NIT Silchar - Recruitment (all),WalkIn Interview for the post of JRF (in C.E. Dept.) under DST-SERB Project (\&quot;Effect of variations in input-excitation on the performance of limited-sensors based operational modal analysis\&quot;),https://www.nits.ac.in/storage/CareerDocument/WalkIn_Interview_08062016_CE_for_JRF_under_DST_SERB.pdf,
2026-08-07T04:50:24.984136+00:00,NIT Silchar - Recruitment (all),WalkIn Interview for the post of JRF (in Chemistry Dept.) under DST-SERB Project (\&quot;Towards the synthesis of bio-active molecules using SPOS pathways\&quot;),https://www.nits.ac.in/storage/CareerDocument/WalkIn_Interview_30052016_04052016_Chem_for_JRF_under_DST_SERB.pdf,
2026-08-07T04:50:24.984136+00:00,NIT Silchar - Recruitment (all),WalkIn Interview for the post of JRF (in C.E. Dept.) under DST-SERB,https://www.nits.ac.in/storage/CareerDocument/WalkIn_Interview_03062015_CE_for_JRF_under_DST_SERB.pdf,
2026-08-12T04:43:29.140456+00:00,FacultyTick - Research category,Indian Institute of Technology Indore Applications are invited from interested and motivated candidates for the post of JRF / SRF / Project Associate I Job Opportunity 2026,https://facultytick.com/2026/08/12/indian-institute-of-technology-indore-applications-are-invited-from-interested-and-motivated-candidates-for-the-post-of-jrf-srf-project-associate-i-job-opportunity-2026/,"Wed, 12 Aug 2026 01:02:07 +0000"
2026-08-12T04:43:29.140456+00:00,FacultyTick - Research category,University of Allahabad Advertisement for the post of Research Assistant (RA) on contract basis under Council of Science and Technology Job Opportunity 2026,https://facultytick.com/2026/08/12/university-of-allahabad-advertisement-for-the-post-of-research-assistant-ra-on-contract-basis-under-council-of-science-and-technology-job-opportunity-2026/,"Wed, 12 Aug 2026 01:02:05 +0000"
2026-08-12T04:43:29.140456+00:00,FacultyTick - Research category,Defence Institute of Advanced Technology (DIAT) is looking for young Graduate Engineers for the position of Research Associate -1 (RA-1) or Senior Research Fellow (SRF) Job Opportunities 2026,https://facultytick.com/2026/08/12/defence-institute-of-advanced-technology-diat-is-looking-for-young-graduate-engineers-for-the-position-of-research-associate-1-ra-1-or-senior-research-fellow-srf-job-opportunities-2026/,"Wed, 12 Aug 2026 01:02:01 +0000"
2026-08-12T04:43:29.140456+00:00,FacultyTick - Research category,Defence Institute of Advanced Technology (DIAT) is looking for young Scientists/Engineers for the position of Junior Research Fellow (JRF) Job Opportunity 2026,https://facultytick.com/2026/08/12/defence-institute-of-advanced-technology-diat-is-looking-for-young-scientists-engineers-for-the-position-of-junior-research-fellow-jrf-job-opportunity-2026/,"Wed, 12 Aug 2026 01:01:59 +0000"
2026-08-12T04:43:29.140456+00:00,FacultyTick - Research category,University of Allahabad Applications are invited from interested candidates for the post of Junior Research Fellow Job Opportunity 2026,https://facultytick.com/2026/08/12/university-of-allahabad-applications-are-invited-from-interested-candidates-for-the-post-of-junior-research-fellow-job-opportunity-2026/,"Wed, 12 Aug 2026 01:01:57 +0000"
2026-08-12T04:43:29.140456+00:00,FacultyTick - Research category,Central University of Odisha Applications from eligible and interested candidates are invited for an interview for Research Assistant (01 no.) and Field Investigator Job Vacancies 2026,https://facultytick.com/2026/08/12/central-university-of-odisha-applications-from-eligible-and-interested-candidates-are-invited-for-an-interview-for-research-assistant-01-no-and-field-investigator-job-vacancies-2026/,"Wed, 12 Aug 2026 01:01:54 +0000"
2026-08-12T04:43:29.140456+00:00,FacultyTick - Research category,Central University of Odisha Applications from eligible and interested candidates are invited for an interview for Research Assistants Job Opening 2026,https://facultytick.com/2026/08/12/central-university-of-odisha-applications-from-eligible-and-interested-candidates-are-invited-for-an-interview-for-research-assistants-job-opening-2026/,"Wed, 12 Aug 2026 01:01:52 +0000"
2026-08-12T04:43:29.140456+00:00,FacultyTick - Research category,Rajiv Gandhi Institute of Petroleum Technology Advertisement for the Position of Junior Research Fellow (JRF) under Institute Research Grant (IRG-2603) Job Opening 2026,https://facultytick.com/2026/08/11/rajiv-gandhi-institute-of-petroleum-technology-advertisement-for-the-position-of-junior-research-fellow-jrf-under-institute-research-grant-irg-2603-job-opening-2026/,"Tue, 11 Aug 2026 00:50:37 +0000"
2026-08-12T04:43:29.140456+00:00,FacultyTick - Research category,Rajiv Gandhi Institute of Petroleum Technology Requirement of Junior Research Assistant (JRA) for CST‐UP Sponsored Project Job Vacancy 2026,https://facultytick.com/2026/08/11/rajiv-gandhi-institute-of-petroleum-technology-requirement-of-junior-research-assistant-jra-for-cst%e2%80%90up-sponsored-project-job-vacancy-2026/,"Tue, 11 Aug 2026 00:50:35 +0000"
2026-08-12T04:43:29.140456+00:00,FacultyTick - Research category,Rajiv Gandhi Institute of Petroleum Technology Requirement of Junior Research Fellow (JRF) Institute Research Grant (IRG-2601) Job Opportunity 2026,https://facultytick.com/2026/08/11/rajiv-gandhi-institute-of-petroleum-technology-requirement-of-junior-research-fellow-jrf-institute-research-grant-irg-2601-job-opportunity-2026/,"Tue, 11 Aug 2026 00:50:34 +0000"
2026-08-12T04:43:29.140456+00:00,FacultyTick - Research category,Indian Institute of Science Education and Research (IISER) Berhampur Advertisement for the Junior Research Fellow (JRF) in CSIR Funded Project Job Vacancy 2026,https://facultytick.com/2026/08/11/indian-institute-of-science-education-and-research-iiser-berhampur-advertisement-for-the-junior-research-fellow-jrf-in-csir-funded-project-job-vacancy-2026/,"Tue, 11 Aug 2026 00:50:32 +0000"
2026-08-12T04:43:29.140456+00:00,FacultyTick - Research category,Rajiv Gandhi Institute of Petroleum Technology Requirement of Junior Research Fellow (JRF) for ISRO sponsored project Job Opening 2026,https://facultytick.com/2026/08/11/rajiv-gandhi-institute-of-petroleum-technology-requirement-of-junior-research-fellow-jrf-for-isro-sponsored-project-job-opening-2026/,"Tue, 11 Aug 2026 00:50:28 +0000"
2026-08-12T04:43:29.140456+00:00,FacultyTick - Research category,Indian Institute of Science Education & Research Bhopal Advertisement for Junior Research Fellow (JRF) Job Opening 2026,https://facultytick.com/2026/08/11/indian-institute-of-science-education-research-bhopal-advertisement-for-junior-research-fellow-jrf-job-opening-2026/,"Tue, 11 Aug 2026 00:50:18 +0000"
2026-08-12T04:43:29.140456+00:00,FacultyTick - Research category,Indian Institute of Science Education and Research Bhopal Advertisement for the post of Research Associate Job Opening 2026,https://facultytick.com/2026/08/11/indian-institute-of-science-education-and-research-bhopal-advertisement-for-the-post-of-research-associate-job-opening-2026/,"Tue, 11 Aug 2026 00:50:16 +0000"
2026-08-12T04:43:29.140456+00:00,FacultyTick - Research category,Indian Institute of Science Education and Research Bhopal Advertisement for the post of Junior Research Fellow / Project Associate Job Vacancy 2026,https://facultytick.com/2026/08/11/indian-institute-of-science-education-and-research-bhopal-advertisement-for-the-post-of-junior-research-fellow-project-associate-job-vacancy-2026/,"Tue, 11 Aug 2026 00:50:08 +0000"
2026-08-12T04:43:29.140456+00:00,FacultyTick - Research category,Netaji Subhas Open University Advertisement for the engagement of Project Assistant under AAOU-CRP funded International Project Job Opportunity 2026,https://facultytick.com/2026/08/11/netaji-subhas-open-university-advertisement-for-the-engagement-of-project-assistant-under-aaou-crp-funded-international-project-job-opportunity-2026-2/,"Tue, 11 Aug 2026 00:50:06 +0000"
2026-08-12T04:43:29.140456+00:00,FacultyTick - Research category,Netaji Subhas Open University Advertisement for the engagement of Project Assistant under AAOU-CRP funded International Project Job Opportunity 2026,https://facultytick.com/2026/08/11/netaji-subhas-open-university-advertisement-for-the-engagement-of-project-assistant-under-aaou-crp-funded-international-project-job-opportunity-2026/,"Tue, 11 Aug 2026 00:50:05 +0000"
2026-08-12T04:43:29.140456+00:00,FacultyTick - Research category,Central University of Rajasthan Applications are invited for the following post Junior Research fellow (JRF) in a purely time-bound research project Job Opening 2026,https://facultytick.com/2026/08/10/central-university-of-rajasthan-applications-are-invited-for-the-following-post-junior-research-fellow-jrf-in-a-purely-time-bound-research-project-job-opening-2026/,"Mon, 10 Aug 2026 03:47:58 +0000"
2026-08-12T04:43:29.140456+00:00,IIT Hyderabad - Careers,"Advertisement for the post of Research Associate-I h Associate - I on a Department of Science & Technology-Cognitive Science Research Initiative (DST-CSRI), IIT Hyderabad.",https://iith.ac.in/assets/files/careers/staff/Advertisement_forRA-I_DST-CSRI.pdf,
2026-08-12T04:43:29.140456+00:00,IIT Hyderabad - Careers,"Advertisement for Project Assistant position for CFD ANALYSIS OF AIR CONDITIONER- SECOND YEAR , IIT Hyderabad",https://iith.ac.in/assets/files/careers/staff/CFD_Analysi_Project_Assistant.pdf,
2026-08-17T03:43:32.904799+00:00,FacultyTick - Research category,ICAR-Central Institute Of Fisheries Education Application Are Invited for The Post Of Senior Research Fellow Job Vacancy 2026,https://facultytick.com/2026/08/15/icar-central-institute-of-fisheries-education-application-are-invited-for-the-post-of-senior-research-fellow-job-vacancy-2026/,"Sat, 15 Aug 2026 02:11:47 +0000"
2026-08-17T03:43:32.904799+00:00,FacultyTick - Research category,Indian Association for the Cultivation of Science (IACS) Advertisement for Recruiting a Research Associate-I position in the School of Physical Sciences Job Opportunity 2026,https://facultytick.com/2026/08/15/indian-association-for-the-cultivation-of-science-iacs-advertisement-for-recruiting-a-research-associate-i-position-in-the-school-of-physical-sciences-job-opportunity-2026/,"Sat, 15 Aug 2026 02:11:44 +0000"
2026-08-17T03:43:32.904799+00:00,FacultyTick - Research category,Indian Association for the Cultivation of Science (IACS) Advertisement for Recruiting a Research Associate-I in the group of Professor Debashree Ghosh Job Opening 2026,https://facultytick.com/2026/08/15/indian-association-for-the-cultivation-of-science-iacs-advertisement-for-recruiting-a-research-associate-i-in-the-group-of-professor-debashree-ghosh-job-opening-2026/,"Sat, 15 Aug 2026 02:11:42 +0000"
2026-08-17T03:43:32.904799+00:00,FacultyTick - Research category,ICAR-Indian Agricultural Research Institute invites application for the post of Junior Research Fellow(JRF) Job Opening 2026,https://facultytick.com/2026/08/15/icar-indian-agricultural-research-institute-invites-application-for-the-post-of-junior-research-fellowjrf-job-opening-2026/,"Sat, 15 Aug 2026 02:11:38 +0000"
2026-08-17T03:43:32.904799+00:00,FacultyTick - Research category,Indian Association for the Cultivation of Science (IACS) recruitment of one Research Associate (RA-I) in School of Mathematical and Computational Sciences Job Opportunity 2026,https://facultytick.com/2026/08/15/indian-association-for-the-cultivation-of-science-iacs-recruitment-of-one-research-associate-ra-i-in-school-of-mathematical-and-computational-sciences-job-opportunity-2026/,"Sat, 15 Aug 2026 02:11:35 +0000"
2026-08-17T03:43:32.904799+00:00,FacultyTick - Research category,Indian Agricultural Research Institute Division of Biochemistry Applications are invited for the Junior Research Fellow Job Vacancy 2026,https://facultytick.com/2026/08/15/indian-agricultural-research-institute-division-of-biochemistry-applications-are-invited-for-the-junior-research-fellow-job-vacancy-2026/,"Sat, 15 Aug 2026 02:11:32 +0000"
2026-08-17T03:43:32.904799+00:00,FacultyTick - Research category,"Department of Information Technology Guru Ghasidas Vishwavidyalaya, Bilaspur (C.G.) Advertisement of Junior Research Fellow (JRF) under AICTE Funded Research Project Job Vacancy 2026",https://facultytick.com/2026/08/14/department-of-information-technology-guru-ghasidas-vishwavidyalaya-bilaspur-c-g-advertisement-of-junior-research-fellow-jrf-under-aicte-funded-research-project-job-vacancy-2026/,"Fri, 14 Aug 2026 01:23:12 +0000"
2026-08-17T03:43:32.904799+00:00,FacultyTick - Research category,Central University Of Gujarat Advertisement for the Engagement of the PROJECT STAFF (1 Research Assistant and 2 Field Investigators) Job Opportunity 2026,https://facultytick.com/2026/08/14/central-university-of-gujarat-advertisement-for-the-engagement-of-the-project-staff-1-research-assistant-and-2-field-investigators-job-opportunity-2026/,"Fri, 14 Aug 2026 01:23:00 +0000"
2026-08-17T03:43:32.904799+00:00,FacultyTick - Research category,Central University of Jammu Satish Dhawan Centre for Space Sciences Applications Invited for Recruitment of JRF convertible to PhD Job Opportunity 2026,https://facultytick.com/2026/08/14/central-university-of-jammu-satish-dhawan-centre-for-space-sciences-applications-invited-for-recruitment-of-jrf-convertible-to-phd-job-opportunity-2026/,"Fri, 14 Aug 2026 01:22:54 +0000"
2026-08-17T03:43:32.904799+00:00,FacultyTick - Research category,Central University of Haryana Applications are invited for the post of Senior Research Fellow -01 under the project entitled “Contemporary Higher Education Haryana: A critical and analytical discourse on NEP 2020” Job Opening 2026,https://facultytick.com/2026/08/14/central-university-of-haryana-applications-are-invited-for-the-post-of-senior-research-fellow-01-under-the-project-entitled-contemporary-higher-education-haryana-a-critical-and-analytical-d/,"Fri, 14 Aug 2026 01:22:53 +0000"
2026-08-17T03:43:32.904799+00:00,FacultyTick - Research category,Central University of Haryana Applications are invited from eligible and interested candidates for one (01) position of Research Assistant Job Opportunity 2026,https://facultytick.com/2026/08/14/central-university-of-haryana-applications-are-invited-from-eligible-and-interested-candidates-for-one-01-position-of-research-assistant-job-opportunity-2026/,"Fri, 14 Aug 2026 01:22:50 +0000"
2026-08-17T03:43:32.904799+00:00,FacultyTick - Research category,Central University of Karnataka (CUK) Applications are invited from eligible candidates for the post of Junior Research Fellow/Project Associate-I Job Opening 2026,https://facultytick.com/2026/08/14/central-university-of-karnataka-cuk-applications-are-invited-from-eligible-candidates-for-the-post-of-junior-research-fellow-project-associate-i-job-opening-2026/,"Fri, 14 Aug 2026 01:22:49 +0000"
2026-08-17T03:43:32.904799+00:00,FacultyTick - Research category,"Central University of Jammu Applications are invited For The Post Of Junior Research Fellow (JRF) titled “Nudging to Address Over-The-Counter Drug Abuse: Promoting Responsible Use through Pharmacy Platforms in India,” Job Opening 2026",https://facultytick.com/2026/08/14/central-university-of-jammu-applications-are-invited-for-the-post-of-junior-research-fellow-jrf-titled-nudging-to-address-over-the-counter-drug-abuse-promoting-responsible-use-through-pha/,"Fri, 14 Aug 2026 01:22:47 +0000"
2026-08-17T03:43:32.904799+00:00,FacultyTick - Research category,"Essential Guide to Junior Research Fellow (JRF) Recruitment at Indian Institute of Information Technology, Design and Manufacturing, Kancheepuram (IIITDM Kancheepuram) Job Role2026",https://facultytick.com/2026/08/14/essential-guide-to-junior-research-fellow-jrf-recruitment-at-indian-institute-of-information-technology-design-and-manufacturing-kancheepuram-iiitdm-kancheepuram-job-role2026/,"Fri, 14 Aug 2026 01:22:40 +0000"
2026-08-17T03:43:32.904799+00:00,FacultyTick - Research category,"Apply Now: Junior Research Fellow at Indian Institute of Information Technology, Design and Manufacturing, Kancheepuram (IIITDM Kancheepuram) Job Vacancy 2026",https://facultytick.com/2026/08/14/apply-now-junior-research-fellow-at-indian-institute-of-information-technology-design-and-manufacturing-kancheepuram-iiitdm-kancheepuram-job-vacancy-2026/,"Fri, 14 Aug 2026 01:22:38 +0000"
2026-08-17T03:43:32.904799+00:00,FacultyTick - Research category,Apply Now: Research Assistant Role at IIITDM Kancheepuram,https://facultytick.com/2026/08/14/apply-now-research-assistant-role-at-iiitdm-kancheepuram/,"Fri, 14 Aug 2026 01:22:36 +0000"
2026-08-17T03:43:32.904799+00:00,FacultyTick - Research category,"University Of Allahabad Advertisement for the post of Junior Research Fellow (1 No.) under the ANRF sanctioned project, Dept. of Electronics & Communication Job Opportunity 2026",https://facultytick.com/2026/08/14/university-of-allahabad-advertisement-for-the-post-of-junior-research-fellow-1-no-under-the-anrf-sanctioned-project-dept-of-electronics-communication-job-opportunity-2026/,"Fri, 14 Aug 2026 01:22:33 +0000"
2026-08-17T03:43:32.904799+00:00,FacultyTick - Research category,"University Of Allahabad Advertisement for the post of Junior Research Fellow under CSRI, Dept. of Science and Technology (DST), Centre of Behavioural and Cognitive Sciences (CBCS), UoA Job Vacancy 2026",https://facultytick.com/2026/08/14/university-of-allahabad-advertisement-for-the-post-of-junior-research-fellow-under-csri-dept-of-science-and-technology-dst-centre-of-behavioural-and-cognitive-sciences-cbcs-uoa-job-vacancy-202/,"Fri, 14 Aug 2026 01:22:31 +0000"
2026-08-17T03:43:32.904799+00:00,FacultyTick - Research category,"Indian Institute of Technology (Indian School of Mines), Dhanbad Applications are invited for the post of Junior research fellow (JRF) position under the TTDF scheme Job Vacancy 2026",https://facultytick.com/2026/08/14/indian-institute-of-technology-indian-school-of-mines-dhanbad-applications-are-invited-for-the-post-of-junior-research-fellow-jrf-position-under-the-ttdf-scheme-job-vacancy-2026/,"Fri, 14 Aug 2026 01:22:29 +0000"
2026-08-17T03:43:32.904799+00:00,IIT Hyderabad - Careers,"Advertisement for the post of Research Associate-I h Associate - I under the research project titled ‘Nanoscale microstructure engineering of advanced high strength steels to mitigate hydrogen embrittlement’, IIT Hyderabad.",https://iith.ac.in/assets/files/careers/staff/Research_Associate_Hydrogen_Embrittlement.pdf,
2026-08-17T03:43:32.904799+00:00,IIT Hyderabad - Careers,"Advertisement for JRF/Ph.D. positions sponsored by DRDO, IIT Hyderabad",https://iith.ac.in/assets/files/careers/staff/JRF_Advertisement -Dr_Mayur_Vaidya.pdf,
2026-08-17T03:43:32.904799+00:00,IIT Hyderabad - Careers,Applications are invited for the Post of Junior Research Fellow (JRF) in the Department of Chemical Engineering at IIT Hyderabad.,https://iith.ac.in/assets/files/careers/staff/JRF__PMECRG_2025.pdf,
2026-08-17T03:43:32.904799+00:00,IIT Hyderabad - Careers,"Advertisement for the post of Research Associate-I h Associate - I on a Department of Science & Technology-Cognitive Science Research Initiative (DST-CSRI), IIT Hyderabad.",https://iith.ac.in/assets/files/careers/staff/Advertisement-for-RA-I-DST-CSRI.pdf,
2026-08-17T03:43:32.904799+00:00,NIT Silchar - Recruitment (all),Applications are invited from Indian citizens for Junior Research Fellow (JRF) in the Department of Mechanical Engineering,https://www.nits.ac.in/storage/CareerDocument/Career_6a7f1b3a61614.pdf,
2026-08-17T03:43:32.904799+00:00,NIT Silchar - Recruitment (all),Applications are invited from Indian citizens for Project Associate-I in the Department of Chemistry,https://www.nits.ac.in/storage/CareerDocument/Career_6a7dda8f7e4d8.pdf,
2026-08-17T03:43:32.904799+00:00,NIT Silchar - Recruitment (all),Applications are invited from Indian citizens for Project Associate – I in the Department of Chemistry,https://www.nits.ac.in/storage/CareerDocument/Career_6a7c84ff44f2c.pdf,
2026-08-17T03:43:32.904799+00:00,NIT Silchar - Recruitment (all),Applications are invited from Indian citizens for Project Assistant in the Department of Mechanical Engineering,https://www.nits.ac.in/storage/CareerDocument/Career_6a7c84b6375b5.pdf,
2026-08-17T03:43:32.904799+00:00,NIT Silchar - Recruitment (all),Applications are invited from Indian citizens for Junior Research Fellow (JRF) in the Department of Mechanical Engineering,https://www.nits.ac.in/storage/CareerDocument/Career_6a7f1b3a61614.pdf,
2026-08-17T03:43:32.904799+00:00,NIT Silchar - Recruitment (all),Applications are invited from Indian citizens for Project Associate-I in the Department of Chemistry,https://www.nits.ac.in/storage/CareerDocument/Career_6a7dda8f7e4d8.pdf,
2026-08-17T03:43:32.904799+00:00,NIT Silchar - Recruitment (all),Applications are invited from Indian citizens for Project Associate – I in the Department of Chemistry,https://www.nits.ac.in/storage/CareerDocument/Career_6a7c84ff44f2c.pdf,
2026-08-17T03:43:32.904799+00:00,NIT Silchar - Recruitment (all),Applications are invited from Indian citizens for Project Assistant in the Department of Mechanical Engineering,https://www.nits.ac.in/storage/CareerDocument/Career_6a7c84b6375b5.pdf,
2026-08-21T03:45:14.739356+00:00,FacultyTick - Research category,Indian Institute of Science Education and Research Bhopal Department of Chemistry Applications are invited for Junior Research Fellow (JRF) Recruitment Job Opportunity 2026,https://facultytick.com/2026/08/20/indian-institute-of-science-education-and-research-bhopal-department-of-chemistry-applications-are-invited-for-junior-research-fellow-jrf-recruitment-job-opportunity-2026/,"Thu, 20 Aug 2026 01:24:08 +0000"
2026-08-21T03:45:14.739356+00:00,FacultyTick - Research category,Indian Institute of Science Education and Research Bhopal Department of Chemistry Applications are invited for Project Associate Recruitment Job Opportunity 2026,https://facultytick.com/2026/08/20/indian-institute-of-science-education-and-research-bhopal-department-of-chemistry-applications-are-invited-for-project-associate-recruitment-job-opportunity-2026/,"Thu, 20 Aug 2026 01:24:06 +0000"
2026-08-21T03:45:14.739356+00:00,FacultyTick - Research category,National Institute of Technology Tiruchirappalli Applications are invited from eligible candidates for the position of Junior Research Fellow Faculty Job Opportunity 2026,https://facultytick.com/2026/08/20/national-institute-of-technology-tiruchirappalli-applications-are-invited-from-eligible-candidates-for-the-position-of-junior-research-fellow-faculty-job-opportunity-2026/,"Thu, 20 Aug 2026 01:23:58 +0000"
2026-08-21T03:45:14.739356+00:00,FacultyTick - Research category,"Sardar Vallabhbhai National Institute of Technology (SVNIT), Surat Applications are invited for the post of Junior Research Fellow Faculty Recruitment Job Vacancy 2026",https://facultytick.com/2026/08/20/sardar-vallabhbhai-national-institute-of-technology-svnit-surat-applications-are-invited-for-the-post-of-junior-research-fellow-faculty-recruitment-job-vacancy-2026/,"Thu, 20 Aug 2026 01:23:56 +0000"
2026-08-21T03:45:14.739356+00:00,FacultyTick - Research category,"Sardar Vallabhbhai National Institute of Technology (SVNIT), Surat Department Of Mechanical Applications are invited for the post of Junior Research Fellow Faculty Recruitment Job Role 2026",https://facultytick.com/2026/08/20/sardar-vallabhbhai-national-institute-of-technology-svnit-surat-department-of-mechanical-applications-are-invited-for-the-post-of-junior-research-fellow-faculty-recruitment-job-role-2026/,"Thu, 20 Aug 2026 01:23:54 +0000"
2026-08-21T03:45:14.739356+00:00,FacultyTick - Research category,"Birla Institute of Technology, Mesra advertisement for the Junior Research Fellow (JRF) / Project Associate-I position under my ANRF PM-ECRG funded research project Job Opportunity 2026",https://facultytick.com/2026/08/20/birla-institute-of-technology-mesra-advertisement-for-the-junior-research-fellow-jrf-project-associate-i-position-under-my-anrf-pm-ecrg-funded-research-project-job-opportunity-2026/,"Thu, 20 Aug 2026 01:17:06 +0000"
2026-08-21T03:45:14.739356+00:00,FacultyTick - Research category,Indian Institute of Technology Guwahati Applications are invited for an Junior Research Fellow(JRF) Faculty Recruitment Job Opportunity 2026,https://facultytick.com/2026/08/20/indian-institute-of-technology-guwahati-applications-are-invited-for-an-junior-research-fellowjrf-faculty-recruitment-job-opportunity-2026/,"Thu, 20 Aug 2026 01:17:04 +0000"
2026-08-21T03:45:14.739356+00:00,FacultyTick - Research category,Indian Institute of Technology Hyderabad Advertisement for the Post of Research Associate – I on a Department of Science & Technology-Cognitive Science Research Initiative Job Opportunity 2026,https://facultytick.com/2026/08/20/indian-institute-of-technology-hyderabad-advertisement-for-the-post-of-research-associate-i-on-a-department-of-science-technology-cognitive-science-research-initiative-job-opportunity-2026/,"Thu, 20 Aug 2026 01:17:03 +0000"
2026-08-21T03:45:14.739356+00:00,FacultyTick - Research category,Indian Institute of Technology Hyderabad Advertisement for the Post of Junior Research Fellow (JRF) Faculty Recruitment Job Vacancy 2026,https://facultytick.com/2026/08/20/indian-institute-of-technology-hyderabad-advertisement-for-the-post-of-junior-research-fellow-jrf-faculty-recruitment-job-vacancy-2026/,"Thu, 20 Aug 2026 01:17:01 +0000"
2026-08-21T03:45:14.739356+00:00,FacultyTick - Research category,Indian Institute of Technology Guwahati Applications are invited for an Online Interview for the Research Associate / Technical Staff Recruitment Job Opening 2026,https://facultytick.com/2026/08/20/indian-institute-of-technology-guwahati-applications-are-invited-for-an-online-interview-for-the-research-associate-technical-staff-recruitment-job-opening-2026/,"Thu, 20 Aug 2026 01:16:59 +0000"
2026-08-21T03:45:14.739356+00:00,FacultyTick - Research category,Indian Institute of Technology Hyderabad Advertisement for the Post of JRF/Ph.D. positions sponsored by DRDO Faculty Job Opening 2026,https://facultytick.com/2026/08/20/indian-institute-of-technology-hyderabad-advertisement-for-the-post-of-jrf-ph-d-positions-sponsored-by-drdo-faculty-job-opening-2026/,"Thu, 20 Aug 2026 01:16:57 +0000"
2026-08-21T03:45:14.739356+00:00,FacultyTick - Research category,Indian Institute of Information Technology Kottayam Advertisement for the Post of a Junior Research Fellow Recruitment Job Opportunity 2026,https://facultytick.com/2026/08/20/indian-institute-of-information-technology-kottayam-advertisement-for-the-post-of-a-junior-research-fellow-recruitment-job-opportunity-2026/,"Thu, 20 Aug 2026 01:16:37 +0000"
2026-08-21T03:45:14.739356+00:00,FacultyTick - Research category,"Indian Institute of Information Technology, Design and Manufacturing, Kancheepuram (IIITDM Kancheepuram) Applications are invited for the Position Junior Research Fellow (JRF) Recruitment Job Opportunity 2026",https://facultytick.com/2026/08/20/indian-institute-of-information-technology-design-and-manufacturing-kancheepuram-iiitdm-kancheepuram-applications-are-invited-for-the-position-junior-research-fellow-jrf-recruitment-job-opportun/,"Thu, 20 Aug 2026 01:16:34 +0000"
2026-08-21T03:45:14.739356+00:00,FacultyTick - Research category,"Indian Institute of Information Technology, Design and Manufacturing, Kancheepuram Applications are invited for the Junior Research Fellow (JRF) Recruitment Job Opening 2026",https://facultytick.com/2026/08/19/indian-institute-of-information-technology-design-and-manufacturing-kancheepuram-applications-are-invited-for-the-junior-research-fellow-jrf-recruitment-job-opening-2026/,"Wed, 19 Aug 2026 15:51:06 +0000"
2026-08-21T03:45:14.739356+00:00,FacultyTick - Research category,"INDIAN INSTITUTE OF INFORMATION TECHNOLOGY, DESIGN AND MANUFACTURING, KANCHEEPURAM Applications are invited for the Research Assistant Recruitment Job Opportunity 2026",https://facultytick.com/2026/08/19/indian-institute-of-information-technology-design-and-manufacturing-kancheepuram-applications-are-invited-for-the-research-assistant-recruitment-job-opportunity-2026/,"Wed, 19 Aug 2026 15:51:01 +0000"
2026-08-21T03:45:14.739356+00:00,FacultyTick - Research category,"Indian Agricultural Research Institute, New Delhi Applications are invited for Senior Research Fellow (SRF) Recruitment Job Opportunity 2026",https://facultytick.com/2026/08/19/indian-agricultural-research-institute-new-delhi-applications-are-invited-for-senior-research-fellow-srf-recruitment-job-opportunity-2026/,"Wed, 19 Aug 2026 15:50:55 +0000"
2026-08-21T03:45:14.739356+00:00,FacultyTick - Research category,"Indian Agricultural Research Institute, New Delhi Applications are invited for Junior Research Fellow (JRF) Faculty Recruitment Job Vacancy 2026",https://facultytick.com/2026/08/19/indian-agricultural-research-institute-new-delhi-applications-are-invited-for-junior-research-fellow-jrf-faculty-recruitment-job-vacancy-2026/,"Wed, 19 Aug 2026 15:50:37 +0000"
2026-08-21T03:45:14.739356+00:00,FacultyTick - Research category,"Indian Institute of Engineering Science and Technology, Shibpur Applications invited for the Junior Research Fellow Faculty Recruitment Job Role 2026",https://facultytick.com/2026/08/19/indian-institute-of-engineering-science-and-technology-shibpur-applications-invited-for-the-junior-research-fellow-faculty-recruitment-job-role-2026/,"Wed, 19 Aug 2026 15:50:35 +0000"
2026-08-21T03:45:14.739356+00:00,IIT Hyderabad - Careers,"Applications are invited for the post of Junior Project Assistant, IIT Hyderabad",https://iith.ac.in/assets/files/careers/staff/Advertisement-for-Junior-Project-Assistant.pdf,
2026-08-21T03:45:14.739356+00:00,NIT Silchar - Recruitment (all),Applications are invited from Indian citizens for Junior Research Fellow (JRF) in the Department of Electronics & Communication Engineering,https://www.nits.ac.in/storage/CareerDocument/Career_6a84e416bb59c.pdf,
2026-08-21T03:45:14.739356+00:00,NIT Silchar - Recruitment (all),Applications are invited from Indian citizens for Junior Research Fellow (JRF) in the Department of Electronics & Communication Engineering,https://www.nits.ac.in/storage/CareerDocument/Career_6a84e416bb59c.pdf,
2026-08-26T03:48:28.559091+00:00,FacultyTick - Research category,University of Hyderabad School of Medical Sciences Applications are invited from eligible candidates For Research Assistant Job Position 2026,https://facultytick.com/2026/08/24/university-of-hyderabad-school-of-medical-sciences-applications-are-invited-from-eligible-candidates-for-research-assistant-job-position-2026/,"Mon, 24 Aug 2026 01:11:41 +0000"
2026-08-26T03:48:28.559091+00:00,FacultyTick - Research category,National Institute of Technology Rourkela (NIT Rourkela) Invited Application For Project Assistant(PrA ) Recruitment Job Opportunity 2026,https://facultytick.com/2026/08/24/national-institute-of-technology-rourkela-nit-rourkela-invited-application-for-project-assistantpra-recruitment-job-opportunity-2026/,"Mon, 24 Aug 2026 01:11:36 +0000"
2026-08-26T03:48:28.559091+00:00,FacultyTick - Research category,National Institute of Technology Rourkela (NIT Rourkela) Invited Application for Junior Research Fellow (JRF) In SERB Recruitment Job Opportunity 2026,https://facultytick.com/2026/08/24/national-institute-of-technology-rourkela-nit-rourkela-invited-application-for-junior-research-fellow-jrf-in-serb-recruitment-job-opportunity-2026/,"Mon, 24 Aug 2026 01:11:34 +0000"
2026-08-26T03:48:28.559091+00:00,FacultyTick - Research category,National Institute of Technology Silchar (NIT Silchar) Applications are invited For Junior Research Fellow (JRF) In ANRF Project Recruitment Job Opportunity 2026,https://facultytick.com/2026/08/24/national-institute-of-technology-silchar-nit-silchar-applications-are-invited-for-junior-research-fellow-jrf-in-anrf-project-recruitment-job-opportunity-2026/,"Mon, 24 Aug 2026 01:11:32 +0000"
2026-08-26T03:48:28.559091+00:00,FacultyTick - Research category,National Institute of Technology Silchar (NIT Silchar) Applications are invited For Junior Research Fellow (JRF) In DST Project Recruitment Job Vacancy 2026,https://facultytick.com/2026/08/24/national-institute-of-technology-silchar-nit-silchar-applications-are-invited-for-junior-research-fellow-jrf-in-dst-project-recruitment-job-vacancy-2026/,"Mon, 24 Aug 2026 01:11:31 +0000"
2026-08-26T03:48:28.559091+00:00,FacultyTick - Research category,National Institute of Technology Silchar (NIT Silchar) Applications are invited For Project Associate-I For The ANRF Project Recruitment Job Opportunity 2026,https://facultytick.com/2026/08/24/national-institute-of-technology-silchar-nit-silchar-applications-are-invited-for-project-associate-i-for-the-anrf-project-recruitment-job-opportunity-2026/,"Mon, 24 Aug 2026 01:11:29 +0000"
2026-08-26T03:48:28.559091+00:00,FacultyTick - Research category,National Institute of Technology Rourkela (NIT Rourkela) Invited Application For Junior Research Fellow (JRF) In MoES Recruitment Job opportunity 2026,https://facultytick.com/2026/08/24/national-institute-of-technology-rourkela-nit-rourkela-invited-application-for-junior-research-fellow-jrf-in-moes-recruitment-job-opportunity-2026/,"Mon, 24 Aug 2026 01:11:09 +0000"
2026-08-26T03:48:28.559091+00:00,FacultyTick - Research category,"National Institute of Technology, Agartala Agartala Applications are invited for the post of JRF (Junior Research Fellow) or Project Associate-1 Recruitment Job Opportunity 2026",https://facultytick.com/2026/08/22/national-institute-of-technology-agartala-agartala-applications-are-invited-for-the-post-of-jrf-junior-research-fellow-or-project-associate-1-recruitment-job-opportunity-2026/,"Sat, 22 Aug 2026 05:18:06 +0000"
2026-08-26T03:48:28.559091+00:00,FacultyTick - Research category,National Institute of Technology Calicut (NIT Calicut) Applications Are Invite for the post of Junior Research Fellow Recruitment Job Opportunity 2026,https://facultytick.com/2026/08/22/national-institute-of-technology-calicut-nit-calicut-applications-are-invite-for-the-post-of-junior-research-fellow-recruitment-job-opportunity-2026/,"Sat, 22 Aug 2026 05:18:05 +0000"
2026-08-26T03:48:28.559091+00:00,FacultyTick - Research category,National Institute of Technology Mizoram (NIT Mizoram) Applications are invited from the Indian candidates for the post of Junior Research Fellow (JRF) Faculty Recruitment Job Vacancy 2026,https://facultytick.com/2026/08/22/national-institute-of-technology-mizoram-nit-mizoram-applications-are-invited-from-the-indian-candidates-for-the-post-of-junior-research-fellow-jrf-faculty-recruitment-job-vacancy-2026/,"Sat, 22 Aug 2026 05:18:02 +0000"
2026-08-26T03:48:28.559091+00:00,FacultyTick - Research category,National Institute of Technology Calicut (NITC) Applications Are Invite for the post of a Project Associate-I Recruitment Job Opportunity 2026,https://facultytick.com/2026/08/22/national-institute-of-technology-calicut-nitc-applications-are-invite-for-the-post-of-a-project-associate-i-recruitment-job-opportunity-2026/,"Sat, 22 Aug 2026 05:17:58 +0000"
2026-08-26T03:48:28.559091+00:00,FacultyTick - Research category,National Institute of Technology Calicut (NITC) Applications Are Invite for the post of Junior Research Fellows (on contract basis) Recruitment Job Opportunity 2026,https://facultytick.com/2026/08/22/national-institute-of-technology-calicut-nitc-applications-are-invite-for-the-post-of-junior-research-fellows-on-contract-basis-recruitment-job-opportunity-2026/,"Sat, 22 Aug 2026 05:17:54 +0000"
2026-08-26T03:48:28.559091+00:00,FacultyTick - Research category,"National Forensic Sciences University, Gandhinagar, Advertisement for Junior Research Fellow (JRF) Walk-in interview under the Seed Money Scheme Project Faculty Recruitment Job Vacancy 2026",https://facultytick.com/2026/08/22/national-forensic-sciences-university-gandhinagar-advertisement-for-junior-research-fellow-jrf-walk-in-interview-under-the-seed-money-scheme-project-faculty-recruitment-job-vacancy-2026/,"Sat, 22 Aug 2026 01:48:11 +0000"
2026-08-26T03:48:28.559091+00:00,FacultyTick - Research category,"National Forensic Sciences University, Gandhinagar, invites applications for the post of Research Assistant Faculty Recruitment Job Vacancy 2026",https://facultytick.com/2026/08/22/national-forensic-sciences-university-gandhinagar-invites-applications-for-the-post-of-research-assistant-faculty-recruitment-job-vacancy-2026/,"Sat, 22 Aug 2026 01:48:07 +0000"
2026-08-26T03:48:28.559091+00:00,FacultyTick - Research category,"ICAR- Indian Veterinary Research Institute, Uttar Pradesh Application Are Invited For The Post OF “Junior Research Fellow (JRF)”. Recruitment Job Role 2026",https://facultytick.com/2026/08/22/icar-indian-veterinary-research-institute-uttar-pradesh-application-are-invited-for-the-post-of-junior-research-fellow-jrf-recruitment-job-role-2026/,"Sat, 22 Aug 2026 01:47:57 +0000"
2026-08-26T03:48:28.559091+00:00,FacultyTick - Research category,"Indian Statistical Institute Kolkata, Applications are invited for recruitment of one (01) Project linked person (JRF) position Faculty Recruitment Job Opening 2026",https://facultytick.com/2026/08/22/indian-statistical-institute-kolkata-applications-are-invited-for-recruitment-of-one-01-project-linked-person-jrf-position-faculty-recruitment-job-opening-2026/,"Sat, 22 Aug 2026 01:47:53 +0000"
2026-08-26T03:48:28.559091+00:00,FacultyTick - Research category,Indian Institute of Technology Ropar Applications are invited for a Postdoctoral Research Position Faculty Recruitment Job Opportunity 2026,https://facultytick.com/2026/08/22/indian-institute-of-technology-ropar-applications-are-invited-for-a-postdoctoral-research-position-faculty-recruitment-job-opportunity-2026/,"Sat, 22 Aug 2026 01:47:49 +0000"
2026-08-26T03:48:28.559091+00:00,IIT Hyderabad - Careers,"Advertisement for the posts of Two (2) Post-Doctoral Fellow in the CARBON Lab, IIT Hyderabad.",https://iith.ac.in/assets/files/careers/staff/PostdoctoralFellow-Advertisement_CARBONLab.pdf,
2026-08-26T03:48:28.559091+00:00,IIT Hyderabad - Careers,"Applications are invited for position of Project Assistant, Energy Assessment Engineer, Energy Manager, and Energy Auditor under a sponsored project at IEAC IIT Hyderabad.",https://iith.ac.in/assets/files/careers/staff/Assistant_EnergyAssessmentEngineers_EnergyManager_EnergyAuditor.pdf,
2026-08-30T08:49:50.983660+00:00,FacultyTick - Research category,Punjab Agricultural University Punjab Applications are invited for the post of Senior Research Fellow Recruitment Job Opportunity 2026,https://facultytick.com/2026/08/29/punjab-agricultural-university-punjab-applications-are-invited-for-the-post-of-senior-research-fellow-recruitment-job-opportunity-2026/,"Sat, 29 Aug 2026 01:15:44 +0000"
2026-08-30T08:49:50.983660+00:00,FacultyTick - Research category,Post Graduate Institute of Medical Education and Research Chandigarh Invited Applications for the Following Post of Junior Research Fellow (JRF) Faculty Recruitment Job Opening 2026,https://facultytick.com/2026/08/29/post-graduate-institute-of-medical-education-and-research-chandigarh-invited-applications-for-the-following-post-of-junior-research-fellow-jrf-faculty-recruitment-job-opening-2026/,"Sat, 29 Aug 2026 01:15:42 +0000"
2026-08-30T08:49:50.983660+00:00,FacultyTick - Research category,"Sardar Vallabhbhai National Institute of Technology (SVNIT), Surat Invited Applications for the Following Post of Junior Research Fellow (JRF) Recruitment Job Opportunity 2026",https://facultytick.com/2026/08/29/sardar-vallabhbhai-national-institute-of-technology-svnit-surat-invited-applications-for-the-following-post-of-junior-research-fellow-jrf-recruitment-job-opportunity-2026/,"Sat, 29 Aug 2026 01:15:39 +0000"
2026-08-30T08:49:50.983660+00:00,FacultyTick - Research category,Sher-E-Kashmir University of agricultural sciences and technology of Kashmir invited Online applications from eligible candidate for Research Associate-I and Project Associate-I Recruitment Job Opportunity 2026,https://facultytick.com/2026/08/29/sher-e-kashmir-university-of-agricultural-sciences-and-technology-of-kashmir-invited-online-applications-from-eligible-candidate-for-research-associate-i-and-project-associate-i-recruitment-job-opport/,"Sat, 29 Aug 2026 01:15:35 +0000"
2026-08-30T08:49:50.983660+00:00,FacultyTick - Research category,Tamil Nadu Agricultural University invited Applications from the interested candidates for the position of Senior Research Fellow Recruitment Job Opportunity 2026,https://facultytick.com/2026/08/29/tamil-nadu-agricultural-university-invited-applications-from-the-interested-candidates-for-the-position-of-senior-research-fellow-recruitment-job-opportunity-2026/,"Sat, 29 Aug 2026 01:15:30 +0000"
2026-08-30T08:49:50.983660+00:00,FacultyTick - Research category,Indian Institute of Information Technology Allahabad Applications are invited for the post of Research Associate-I (RA-I) Recruitment Job Opportunity 2026,https://facultytick.com/2026/08/29/indian-institute-of-information-technology-allahabad-applications-are-invited-for-the-post-of-research-associate-i-ra-i-recruitment-job-opportunity-2026/,"Sat, 29 Aug 2026 01:15:26 +0000"
2026-08-30T08:49:50.983660+00:00,FacultyTick - Research category,"National Institute of Technology, Durgapur Invited Applications for the Following Post of Junior Research Fellow (JRF), Research Associate (RA-III) Faculty Recruitment Job Vacancy 2026",https://facultytick.com/2026/08/29/national-institute-of-technology-durgapur-invited-applications-for-the-following-post-of-junior-research-fellow-jrf-research-associate-ra-iii-faculty-recruitment-job-vacancy-2026/,"Sat, 29 Aug 2026 01:15:24 +0000"
2026-08-30T08:49:50.983660+00:00,FacultyTick - Research category,Indian Institute of Information Technology Allahabad Applications are invited for the post of Junior Research Assistant (JRA) Recruitment Job Opportunity 2026,https://facultytick.com/2026/08/29/indian-institute-of-information-technology-allahabad-applications-are-invited-for-the-post-of-junior-research-assistant-jra-recruitment-job-opportunity-2026/,"Sat, 29 Aug 2026 01:15:17 +0000"
2026-08-30T08:49:50.983660+00:00,FacultyTick - Research category,Indian Institute of Technology Gandhinagar (IITGN) invited Applications from the interested candidates for the position of Junior Research Fellow (JRF) Recruitment Job Opportunity 2026,https://facultytick.com/2026/08/29/indian-institute-of-technology-gandhinagar-iitgn-invited-applications-from-the-interested-candidates-for-the-position-of-junior-research-fellow-jrf-recruitment-job-opportunity-2026/,"Sat, 29 Aug 2026 01:15:10 +0000"
2026-08-30T08:49:50.983660+00:00,FacultyTick - Research category,"INDIAN INSTITUTE OF TECHNOLOGY, ROORKEE Applications are Invited from the eligible Candidates for the Post of Research Associate Faculty Recruitment Job Vacancy 2026",https://facultytick.com/2026/08/28/indian-institute-of-technology-roorkee-applications-are-invited-from-the-eligible-candidates-for-the-post-of-research-associate-faculty-recruitment-job-vacancy-2026/,"Fri, 28 Aug 2026 01:30:47 +0000"
2026-08-30T08:49:50.983660+00:00,FacultyTick - Research category,National Law University Delhi invited Online applications from eligible candidate for Research Associate Recruitment Job Opportunity 2026,https://facultytick.com/2026/08/28/national-law-university-delhi-invited-online-applications-from-eligible-candidate-for-research-associate-recruitment-job-opportunity-2026/,"Fri, 28 Aug 2026 01:30:43 +0000"
2026-08-30T08:49:50.983660+00:00,FacultyTick - Research category,"Amrita Vishwa Vidyapeetham, Amritapuri Campus is inviting applications from qualified candidates for the post of Research Assistant Faculty Recruitment Job Opening 2026",https://facultytick.com/2026/08/28/amrita-vishwa-vidyapeetham-amritapuri-campus-is-inviting-applications-from-qualified-candidates-for-the-post-of-research-assistant-faculty-recruitment-job-opening-2026/,"Fri, 28 Aug 2026 01:30:33 +0000"
2026-08-30T08:49:50.983660+00:00,FacultyTick - Research category,"Amrita Vishwa Vidyapeetham, Amritapuri Campus is inviting applications from qualified candidates for the post of a Postdoctoral Fellow Faculty Recruitment Job Role 2026",https://facultytick.com/2026/08/28/amrita-vishwa-vidyapeetham-amritapuri-campus-is-inviting-applications-from-qualified-candidates-for-the-post-of-a-postdoctoral-fellow-faculty-recruitment-job-role-2026/,"Fri, 28 Aug 2026 01:30:32 +0000"
2026-08-30T08:49:50.983660+00:00,FacultyTick - Research category,"Amrita Vishwa Vidyapeetham, Amritapuri Campus, is inviting applications from qualified candidates for the post of Research Associate Recruitment Job Vacancy 2026",https://facultytick.com/2026/08/28/amrita-vishwa-vidyapeetham-amritapuri-campus-is-inviting-applications-from-qualified-candidates-for-the-post-of-research-associate-recruitment-job-vacancy-2026/,"Fri, 28 Aug 2026 01:30:19 +0000"
2026-08-30T08:49:50.983660+00:00,FacultyTick - Research category,"Amrita Vishwa Vidyapeetham, Amritapuri Campus is inviting applications from qualified candidates for the post of Senior Research Assistant Recruitment Job Opportunity 2026",https://facultytick.com/2026/08/28/amrita-vishwa-vidyapeetham-amritapuri-campus-is-inviting-applications-from-qualified-candidates-for-the-post-of-senior-research-assistant-recruitment-job-opportunity-2026/,"Fri, 28 Aug 2026 01:30:17 +0000"
2026-08-30T08:49:50.983660+00:00,FacultyTick - Research category,"Panjab University, Chandigarh, invited Applications from the interested candidates for the position of Junior Research Fellow Recruitment Job Opportunity 2026",https://facultytick.com/2026/08/28/panjab-university-chandigarh-invited-applications-from-the-interested-candidates-for-the-position-of-junior-research-fellow-recruitment-job-opportunity-2026/,"Fri, 28 Aug 2026 01:30:12 +0000"
2026-08-30T08:49:50.983660+00:00,FacultyTick - Research category,Maulana Azad National Institute of Technology Bhopal Applications are invited from eligible and research-oriented Indian nationals for position of Junior Research Fellow Recruitment Job Opportunity 2026,https://facultytick.com/2026/08/27/maulana-azad-national-institute-of-technology-bhopal-applications-are-invited-from-eligible-and-research-oriented-indian-nationals-for-position-of-junior-research-fellow-recruitment-job-opportunity-20/,"Thu, 27 Aug 2026 01:43:09 +0000"
2026-08-30T08:49:50.983660+00:00,IIT Hyderabad - Careers,"Advertisement for the posts of Post-Doctoral Fellow (Modelling of combustion & multiphase flow) under CLEANZ CoE, IIT Hyderabad.",https://iith.ac.in/assets/files/careers/staff/Postdocadvt_CoalSlurry-G795E.pdf,
2026-08-30T08:49:50.983660+00:00,IIT Hyderabad - Careers,"Advertisement for the posts of Post-Doctoral Fellow (Coal Supply Chain Optimization using AI) under CLEANZ CoE, IIT Hyderabad.",https://iith.ac.in/assets/files/careers/staff/Applications_Invited_forPost-Docg795.pdf,
2026-08-30T08:49:50.983660+00:00,NIT Silchar - Recruitment (all),Applications are invited from Indian citizens for Junior Research Fellow (JRF) in the Department of Chemistry,https://www.nits.ac.in/storage/CareerDocument/Career_6a938557488f8.pdf,
2026-08-30T08:49:50.983660+00:00,NIT Silchar - Recruitment (all),Extension of the advertisement for recruitment Junior Research Fellow (JRF) in the Department of Electronics & Communication Engineering,https://www.nits.ac.in/storage/CareerDocument/Career_6a9121937e1e8.pdf,
2026-08-30T08:49:50.983660+00:00,NIT Silchar - Recruitment (all),Applications are invited from Indian citizens for Junior Research Fellow (JRF) in the Department of Chemistry,https://www.nits.ac.in/storage/CareerDocument/Career_6a938557488f8.pdf,
2026-08-30T08:49:50.983660+00:00,NIT Silchar - Recruitment (all),Extension of the advertisement for recruitment Junior Research Fellow (JRF) in the Department of Electronics & Communication Engineering,https://www.nits.ac.in/storage/CareerDocument/Career_6a9121937e1e8.pdf,
2026-09-04T07:36:49.983061+00:00,FacultyTick - Research category,"Indian Institute of Information Technology Allahabad Advertisement for the Post of Research Associate, Research Assistant and Field Investigator Recruitment Job Role 2026",https://facultytick.com/2026/09/04/indian-institute-of-information-technology-allahabad-advertisement-for-the-post-of-research-associate-research-assistant-and-field-investigator-recruitment-job-role-2026/,"Fri, 04 Sep 2026 07:11:09 +0000"
2026-09-04T07:36:49.983061+00:00,FacultyTick - Research category,Indian Institute of Information Technology Allahabad Applications are invited for the post of Junior Research Assistant (JRA) (on contract) in a research project Recruitment Job Vacancy 2026,https://facultytick.com/2026/09/04/indian-institute-of-information-technology-allahabad-applications-are-invited-for-the-post-of-junior-research-assistant-jra-on-contract-in-a-research-project-recruitment-job-vacancy-2026/,"Fri, 04 Sep 2026 07:11:06 +0000"
2026-09-04T07:36:49.983061+00:00,FacultyTick - Research category,Vellore Institute of Technology Vellore Invited Applications for the Following Post of Junior Research Fellow (JRF) Recruitment Job Opening 2026,https://facultytick.com/2026/09/04/vellore-institute-of-technology-vellore-invited-applications-for-the-following-post-of-junior-research-fellow-jrf-recruitment-job-opening-2026/,"Fri, 04 Sep 2026 07:10:58 +0000"
2026-09-04T07:36:49.983061+00:00,FacultyTick - Research category,"ICAR-Indian Agricultural Research Institute (IARI), New Delhi Invited Applications from the interested candidates for the position of Junior Research Fellow Recruitment Job Opportunity 2026",https://facultytick.com/2026/09/04/icar-indian-agricultural-research-institute-iari-new-delhi-invited-applications-from-the-interested-candidates-for-the-position-of-junior-research-fellow-recruitment-job-opportunity-2026/,"Fri, 04 Sep 2026 07:10:56 +0000"
2026-09-04T07:36:49.983061+00:00,FacultyTick - Research category,"ICAR-Indian Agricultural Research Institute, located in New Delhi Invited Applications for the Following Post of Senior Research Fellow Recruitment Job Opportunity 2026",https://facultytick.com/2026/09/04/icar-indian-agricultural-research-institute-located-in-new-delhi-invited-applications-for-the-following-post-of-senior-research-fellow-recruitment-job-opportunity-2026/,"Fri, 04 Sep 2026 07:10:54 +0000"
2026-09-04T07:36:49.983061+00:00,FacultyTick - Research category,Birla Institute of Technology and Science Pilani Invited Applications for the Following Post of Research Fellow Recruitment Job Role 2026,https://facultytick.com/2026/09/04/birla-institute-of-technology-and-science-pilani-invited-applications-for-the-following-post-of-research-fellow-recruitment-job-role-2026/,"Fri, 04 Sep 2026 07:10:52 +0000"
2026-09-04T07:36:49.983061+00:00,FacultyTick - Research category,Birla Institute of Technology and Science Pilani Invited Applications for the Following Post of Junior Research Fellow (JRF) Recruitment Job Vacancy 2026,https://facultytick.com/2026/09/04/birla-institute-of-technology-and-science-pilani-invited-applications-for-the-following-post-of-junior-research-fellow-jrf-recruitment-job-vacancy-2026/,"Fri, 04 Sep 2026 07:10:49 +0000"
2026-09-04T07:36:49.983061+00:00,FacultyTick - Research category,Birla Institute of Technology and Science Pilani Applications are invited from the interested candidates for the position of Junior Research Fellow Recruitment Job Opportunity 2026,https://facultytick.com/2026/09/04/birla-institute-of-technology-and-science-pilani-applications-are-invited-from-the-interested-candidates-for-the-position-of-junior-research-fellow-recruitment-job-opportunity-2026/,"Fri, 04 Sep 2026 07:10:47 +0000"
2026-09-04T07:36:49.983061+00:00,FacultyTick - Research category,Birla Institute of Technology and Science Pilani Applications are invited for the post of Research Associate Recruitment Job Opportunity 2026,https://facultytick.com/2026/09/04/birla-institute-of-technology-and-science-pilani-applications-are-invited-for-the-post-of-research-associate-recruitment-job-opportunity-2026/,"Fri, 04 Sep 2026 07:10:43 +0000"
2026-09-04T07:36:49.983061+00:00,FacultyTick - Research category,"Indian Institute of Information Technology, Design and Manufacturing, Kancheepuram (IIITDM Kancheepuram) Advertisement for the Post of Junior Research Fellow (JRF) Recruitment Job Opportunity 2026",https://facultytick.com/2026/09/04/indian-institute-of-information-technology-design-and-manufacturing-kancheepuram-iiitdm-kancheepuram-advertisement-for-the-post-of-junior-research-fellow-jrf-recruitment-job-opportunity-2026/,"Fri, 04 Sep 2026 07:10:35 +0000"
2026-09-04T07:36:49.983061+00:00,FacultyTick - Research category,Indian Institute of Information Technology Allahabad Re-Advertisement for the Post of Research Associate-I (RA-I) under ISRO RESPOND Project Recruitment Job Opportunity 2026,https://facultytick.com/2026/09/04/indian-institute-of-information-technology-allahabad-re-advertisement-for-the-post-of-research-associate-i-ra-i-under-isro-respond-project-recruitment-job-opportunity-2026/,"Fri, 04 Sep 2026 07:10:33 +0000"
2026-09-04T07:36:49.983061+00:00,FacultyTick - Research category,"Jawaharlal Nehru University New Delhi Applications are Invited from the eligible Candidates for the Post of Research Associate, Assistant / Field Investigator/ Part-time Project Support Staff Jobs Opportunity 2026",https://facultytick.com/2026/09/04/jawaharlal-nehru-university-new-delhi-applications-are-invited-from-the-eligible-candidates-for-the-post-of-research-associate-assistant-field-investigator-part-time-project-support-staff-jobs-opp/,"Fri, 04 Sep 2026 07:10:30 +0000"
2026-09-04T07:36:49.983061+00:00,FacultyTick - Research category,"Guru Ghasidas Vishwavidyalaya, Bilaspur Invited Applications for the Following Post of Junior Research Fellow (JRF) Recruitment Job Opportunity 2026",https://facultytick.com/2026/09/03/guru-ghasidas-vishwavidyalaya-bilaspur-invited-applications-for-the-following-post-of-junior-research-fellow-jrf-recruitment-job-opportunity-2026/,"Thu, 03 Sep 2026 01:14:48 +0000"
2026-09-04T07:36:49.983061+00:00,FacultyTick - Research category,Pondicherry University Invited Applications for the Following Post of Project Research Associate Faculty Recruitment Job Opening 2026,https://facultytick.com/2026/09/03/pondicherry-university-invited-applications-for-the-following-post-of-project-research-associate-faculty-recruitment-job-opening-2026/,"Thu, 03 Sep 2026 01:14:42 +0000"
2026-09-04T07:36:49.983061+00:00,FacultyTick - Research category,"Jawaharlal Nehru University New Delhi Applications are Invited from the eligible Candidates for the Post of Research Assistant, Recruitment Jab Opportunity 2026",https://facultytick.com/2026/09/03/jawaharlal-nehru-university-new-delhi-applications-are-invited-from-the-eligible-candidates-for-the-post-of-research-assistant-recruitment-jab-opportunity-2026/,"Thu, 03 Sep 2026 01:14:25 +0000"
2026-09-04T07:36:49.983061+00:00,FacultyTick - Research category,"Indian Institute of Science Education and Research (IISER) Tirupati Invited Application for the post of “Senior Research Fellow/Research Associate-I”, Recruitment Job Opportunity 2026",https://facultytick.com/2026/09/03/indian-institute-of-science-education-and-research-iiser-tirupati-invited-application-for-the-post-of-senior-research-fellow-research-associate-i-recruitment-job-opportunity-2026/,"Thu, 03 Sep 2026 01:14:12 +0000"
2026-09-04T07:36:49.983061+00:00,FacultyTick - Research category,"Indian Institute of Science Education and Research (IISER) Tirupati Invited Application for the post of Research Associate-1 in ANRF Project, Recruitment Jab Opportunity 2026",https://facultytick.com/2026/09/03/indian-institute-of-science-education-and-research-iiser-tirupati-invited-application-for-the-post-of-research-associate-1-in-anrf-project-recruitment-jab-opportunity-2026/,"Thu, 03 Sep 2026 01:14:10 +0000"
2026-09-04T07:36:49.983061+00:00,FacultyTick - Research category,"Gujarat Biotechnology University Gujarat, Applications are invited for the post of Research associate, Recruitment Jab Opportunity 2026",https://facultytick.com/2026/09/03/gujarat-biotechnology-university-gujarat-applications-are-invited-for-the-post-of-research-associate-recruitment-jab-opportunity-2026/,"Thu, 03 Sep 2026 01:14:06 +0000"
2026-09-04T07:36:49.983061+00:00,NIT Silchar - Recruitment (all),Applications are invited from Indian citizens for Junior Research Fellow (JRF) in the Department of Chemistry,https://www.nits.ac.in/storage/CareerDocument/Career_6a96a0e41377f.pdf,
2026-09-04T07:36:49.983061+00:00,NIT Silchar - Recruitment (all),Applications are invited from Indian citizens for Junior Research Fellow (JRF) in the Department of Chemistry,https://www.nits.ac.in/storage/CareerDocument/Career_6a96a0e41377f.pdf,
